排序,标题,热度,链接
1.,扎根中国大地赓续中华文脉厚植学术根基,,/l?e=7afd9%2FTkAecxolZDo6%2Fby8TSNbirWyr5EZk3Lya%2FnIA6qAfAFZxuSTWW7tjqtDFyFEDIqhkCQvQ0qGR99CmrEaq27a6G2bp%2FsjVNh%2FCBSCH9SFkhD5PEpmktFnN0m8pE4KbbZlPj8JBa55oCDASfLHMlE0rzkHAuw4AZvkkSheFTJJz2sRaTM88dKkHJX9Q9Wziv7rTVfBlVc4iWuVcqcPVZRaOO%2BgJ4pY%2FADH8dPd30ke7KbK57azQUstIUTsxhHQBTL2t39j7c%2FJTN90ef%2Bd0LX1Iiilz50e%2B6%2BjV%2BEaLeu4zsQzgOQmSPZtp4LrmQatzTUb%2Bk8ODzINgGx1a4MRljTtU2FMenBWBfvnRHVNlVktVtGh6oLu6SycySOHkQiY4qSrnPlfHAoZnXUdxED3spgT6GIsnwfNixjWH9mjv7ptq9x7bYYttYjCP3xtegRn7NQusGzWvIAX7KIPE%2F2HJLQ8qcCuqBsV7F%2FSRZzc3dk%2BJ%2B
2.,外交部回应优衣库不用新疆棉,299.0万,/l?e=e976k307fq47LSUB8uON3AsMgyOGeyoby4HPhsanBIPGmOI3VpUIehVeV1E7uy1KXjVEw5qK49IEzkv6FD7wojZm0Ztw%2Blfl%2BMO52RxCv6BRu6vk6ppZVQJkrM0ywXIqMeyyP6r%2FFJ1PQaWwdanh8XqBxhIt9ngZ51yCPfT3F0E%2FGXSuAn9yy8NIVfZrawvwVQ7IoSv6vqx76fm%2F1dpCSE1rH4Vz15A%2B4Nm84nvRpRt32NFli8sb2D1q7rRRzQszY%2BV2Z2HlXUkajIBHW9ythTB68QTaoWXfh8AAqY0YvAmzfAiSD1UPb6%2Fc7sLsTNPv%2FezOnArFHnSPSDvNXMPNyCO%2BUlIz%2BgkZwqtp3beoyLoAwLJGhpKp%2BANE97FQSFVgiaYRLq9tCqaR
3.,春晚官博回复檀健次春晚相关,晚会 888700,/l?e=2335O9plOgcIfsWbTE4nH01jcKLj4yzzPzZQwzXEVgVEp6bQZwIcPothfr6WXz3U8gTnDdBAiU5prTEGhfZXCI7aU2cHQMpay%2Bh%2FYEOEQ00spwvt%2FMFI%2BmmMu4YJJ4VOL689AOzS2p4F%2FRyTCnYZMRINibJtW3N9j%2B9kWB9wNGr7h6NVhBzlXAD9XzRJ%2FD0y6Iz6vf8jB1cXemSaPJhZKW7QTC00GTrU4M5vyZEZ9OAprKOw5SMgnrmO96pv9UUCiLweJrMMIe5yd8pJuzgRfsCvcbrVkB2t6RU%2F4zLDbufRqGq7x8cV1Bng8AiZIfXLSnwv3%2BA6qfTuGS%2FhxKt0bUxbWc8NGiYXeIAtGbRv2Al8siTGecm5igcrOskDjnu5QkhXBz9To6PV
4.,43位志愿军烈士遗骸今日安葬,81.3万,/l?e=fcd7i0xkm1dzVcNt2kdXVHZDVmAosUApipaD3TVuKc7Bp%2Fmh%2FgWgnFbTCSs9whfkUABnUy1vNwWMkt7jW6TnNotlQ7MmTDL%2BKikf%2BqfQ2Pg2BypfgFTHmLGJ09b%2F1OQvPvnLGp0YP2pX6TTaLd4ix%2FmaEU%2BlMLA7YWJEaxH5Nb9xKoClbJQG5PJ1q9g7iT0SkRWe0Y5mp6h273PV21%2BPwrQ8Fuocirgpnkn8sUKajPve9OGC5V%2By%2B53J%2FUFE1mP27Ezh5%2FHK739HJjxpAbVhvo%2BPKlIm4nu3j%2BnGrufneEb1TrqMSbY6yTXjU37GrxwMT2XsEBpPJVlC%2BBVv8MGsTDiEAYqtxFqNyNFT1JTyt3wAr6X9gvtrWLWJSio
5.,韩安冉称do脸模板是赵露思,76.2万,/l?e=3c4c9CiH%2B4KBy0A%2F7WJyqNJCeS5SCpR42ZEbn8r%2B3gJ0iOJGxWG%2FcSAF9wCatLbK6ek669kn3s69j%2FRlunt%2B1Yo76WcR%2FPZbpzwRFPOZjFcYSJWgyMtZMB7z2kQYGqKc6hG%2FstjyM7xQj4%2Fke0V%2BJfrmMH1UmDCo%2B%2FeN138MnLCblq0QvsiZsJhhdTcCbt4KfthVbApMVb5jqwLjv6xdFZpHgo4pTCakfuHrcFCClSD98BcSXHEA9YVoO6jgDz5mQzkwKp65Kx0U05BX3N52Nr363NSiDkQMZsQNEbc0CNlXjPM%2Be64xzHhgW2mhoXgweYwO3rR7PQoHrBVkNjHWIiCZrcBkFaL1R%2BQcYoI
6.,巴黎世家售出8天后要顾客补1147元,66.9万,/l?e=2891VX9RvaHF36LDnUbejX%2B1R4Q%2BZi9mAygw8fpYND4H2zXgVAB0h6y2Jklq%2BEqfYvA%2Bl%2BIN8gr7Q%2Fk%2BIRGnaDItPko1hjIoxS7Xl9%2BtCDBMxQwNyQqC3OHReTaV9YnzaE2PgnKvpO3GCfemAErSLOCQrzalXmKDaVpT7C3WuGBn9o9y6eqprgH9ig2O5l7HN4EjhQ94u5Z4LfXpRqRvXrV%2BDE5nDbybthVS0kgNYG%2FSWPM0ayU%2FGSxq%2F%2BXwpjC6RSexFq%2Fd3MHnDF9mj1VMNLsLzlMVJCWpDxAELUgiffNjdahgNpciYx6qsbVX4Q22CPMilS5VIUjNRanY7P9ziMuYX1k33%2BIPiYGOJD2yYZCgSTJ8JeP3mPNGuZgqbUTP%2FTtj7Ojg%2BCZ%2FQDItw%2B0
7.,印政府还在用被封杀4年的中国APP,41.4万,/l?e=8c09eNNhn3XtSQtj2%2BQwkKnuh9rmhaep%2BwmKR%2FUfEusLnyQ1YPvJ6Orv3Gr9Y%2FzwcRtEQinJ%2FtQk0dLRgqrp53E5lsKCj8G6kIuIoWVhnlnVHe%2B6tA0aPbCJcF6Xbl3cgkARtH4t5x%2B82orjnAcdULSBEBnMevDM8CO5O6EF2L%2F9juOZrKYF6Fs4zwJyCjZKw2ms0GK%2BtgCXvKASosoBXIsd8V%2FdDtDdRVn%2FK33dyK8Vvxput%2F5%2BDJdO1qlDbia%2F04N2poeS%2FuWLHiH6c4Mk6Ks5vI1Do7GOJmi%2Bmgre3AhaZ0hCnZHZlzM5hlyT3RntvAuAfkKH%2Bs6lNezcJQ6QEzIhLZXmPqXV5QOgi4GEqHYESdl75F3s7en1zr3tMXY4gQkfKAbhVeMb4%2FudGg
8.,星动剪刀手养成日记,,/l?e=5ac78g8iPj9exHy%2F%2Bi1F3afJZFOVjBiPCU3wipH8xmbclUNRnBdaOXexfWFmdT%2Fod7MYjCnLX7jrQ8o4z0KDJoBSOB2j%2BE%2F4UqvA4SujtarcRrlrf3VLTrCna3X5jq6QAeeLkJdzRZnQkyjyEDpQZoaAfrGns2vBXh9vspW7PVNXjcGIfaNSG0g33JWeF310bfFeoaV9Ax1f%2Bsa2cQKc7nspnjSDLHOysvmnuSeS7hCBIBVhH9EFtHzUxVJKJjjPl6467lhvCtRCE3yl7fX%2FUNTcHL1xttseMVmwpbXe0Ns195L4ImaH0KwA%2B53A
9.,鹿晗回应喝多了,41.3万,/l?e=3216oZFRO86aTsY3h845YHMMo1OJ%2BqHluaFV71fB33br6RJ6qMjwiNfxQ4F0b2y%2BthMOpRdu%2FrOynonySsnKXoFIJz2faWHO%2BLeQn47tAuHmRdqDl7Gm%2BspbUrih0BDFs%2FPYtkkjt%2FgBCmnghtTqrKn0qX%2B21uL1G2nLfqyB%2FxDVnfIr%2FblDnggBIlNxTedYvXLKHA62cWQtm00luAHwWEEnhNW8CUOepuygsz05T61a2cK2%2BppBXVvQ9Q1zIOYWRJzvc9qpkk9Vrg5SaAGH
10.,蛇年春晚标识有什么寓意,综艺 411590,/l?e=c925fiKN%2FzQMtLGruUnk21fRc7fVuj%2FadLBcYZfL29eBGqJ146s%2BwOuqRQW9YGEbSi9z%2F98XiCww%2BrymgfWaPb63eqMSsrOkRzIHGg%2BmEpKui2zMSFSbSnOJh00zPmL2F2Y46g4qeikZbWn4vidJJwawmf128io%2BYL66PnOGZY%2F8%2BJGJF3iFuRlKf4h%2BeIZyfgqr8L6pkiyqN3HanKF%2FBSgAqp599ZEHCBcTmbKM4DrPMSaYYHZ27aUHd9ZNr02qzl8lh4XrHP5ZR8VGPRUUmGgEcvlv9JHVzoUzEyb%2BXMG%2FYYObcJmD5L8AdEYfANGmcSxhf111YswSe0RInlnHfLnXRgoY0fjvejp%2F
11.,A股三大指数11月收红,40.9万,/l?e=cdb2Z%2BHv3%2BgmwSKo%2FWeCwa%2BQsleRybIQ8jb9lj%2BbLv1fqNrIGnHM8mhPmRc%2F8%2F9T4tu8%2FgiolSOPOKJCpRM78RdtHyNJw396ndGE7wviwvcH6Gb7BO6d2PaMxBDc2573p5NhsQvwoWGglhnXmEDH2cr7yeGRxxm%2B35tj1XUGzKhGLPuEB4%2BtZjv2tqFoK5FsiTAxF8P7VgrBVa2YO0X5D67cn%2FS3a%2Fwsn4UIr8yP0lwEUjQrAlReirR2EMQykz3NWGs6sirOxFVfRz8Au%2BYgT01PzEmh%2FQ%2FsvgrUDVGtiPwk
12.,韩国人的精致穷,40.6万,/l?e=7d66XjCHRcmRYkgXR%2BWK34gdICoyBUdUepskfNCCSEalMFGlA7JlRoJFnTUg%2BVl2%2BI0RvDqpRYmoK5kP1Zf6P4mqppY4O%2BuPO%2FTfsGGvWpQGCnjf4im1JzuznKontD1qI4w14MQCoewmZpAHr1bbxCSrVtTJrlSlENj%2Brvc4GDKom4o%2BqSNJTdYb4zAUqQL2Ob6on00DfOZ0Zcj6Fep28nKt%2BWdh2GGhfdf5YqWjvw7nox8WvbGZmZy%2B9AqZzZIU82bfdfaIJ27NethBOw4t
13.,17名男女KTV聚众吸毒被一锅端,39.7万,/l?e=28dddKFunS3IS6BpD9laKct6%2FGeBYrFeLJCIS3qDShNNcuMXj7mO%2FB%2FqUxJqFRVHWP%2FoIYwJ1mzyyTjF0ygRC%2B2VOZG9Y4vCgElnORBbUAhVnhj4%2FoToDNwIQAuyzpfiQfmKRi4UGAOz%2FUUqMJuAfAgaZMZX6pSFKc%2BXF8uEcBc3UOZzrcr6CqnPHEpnlbYOCy9j7HxYYcZErRpk9qqgH8I1EWwBZei5Gqvctq4wjDijnISkAEW%2FklRf0irbYJoKn1fdTbiTICLn16SoW1e2N6boJ9GSNEfmyyNGKA1IHnr0GJ35pgkzj0gOo92Dowk%2Fz288Y%2BBCmsxGTrY%2BCzHH16vaZqEnBs0He1GdSI7%2FIkc
14.,鹿晗好拽,37.6万,/l?e=898dmQKsvex0leUGIscKnzge7iBrFgfuF9pu1T4NwjQjsFbB369bEl%2BbRkvF1vcrXuSgGLk8R03m3vRTFRCXonhFShL9%2B82xIxryjcLqiGjem1fMIbnEMOA3abe1HQmb3PqOH9MbL1Mk4%2FAD%2BtgrX2kn29YW8Fb4dzBz5JOuOKt%2Ff9QXVGetUySFTlMC1XPlOGz1A7vbQOdCULLhlJJ3zj4l
15.,再见爱人4第七期视频没了,综艺 334653,/l?e=673dKBjwesX%2FmEHz7t5YJlGFTX%2BbkWfuQmQ%2Bc5dmZfC0EtwHg5NpkQ82T2UkdpC3cyzXXIHIIXaoIMvnh7RFdvTCODXrDX5qm1yvLOivLj%2FyH9etggoIPxnhtm9edERPzRcPLSPWLB7EUKN9gTLhDGn%2FwhUtFZOXSKx8556e55PC3CAYYhAAfEAaaOtz%2FmX0I%2FjYGbZuzDyJCqeG%2FcaAP5P6FQFsOYyrFYyu0O3uBEAln7TGnvlCMm4PVD473mBcVszQaUwtJbsfZeu9uaGXD7BD88bC22D1T1gmOrdFD58GSTfy6cJk04Ch%2B7kB36ouu4vrn7VpMDRrLFHSJtcyzurNrswHwQyBx8mjKg
16.,导致胃癌的6个高危因素,33.2万,/l?e=a0c7bS9KPMarKdj2rPu0qhDUXaMHYjWJ6rylyVS2u6gUWmCH4WaMlxIjS5H9jnUXBVi0jJQJwxaU3guikB5M4JXuZQRQztQWswbvY8FbkdYSq5W%2B%2FJyFmrY72QUzfcdKcN%2Ftqxk7IjzhuYFtKmuZi5ueeOH5ptQ3wmlYwzp9LTXKFOGwbKuc83W8irS9UqXm8WlMFFl%2FyOkVwC4JYokBbLHOBFRUkIOe0t8397fmNo%2BAYT2MHxRKLC0m1y9EsrqdjEOmH4ZLJt4FC%2BbleKV%2FMX1b3W40yUTcF3nyfR9Ulyye72wLrEgy5rYe9wmxJCevjcQAjg9yMUgXdmC9Tw
17.,黄雅琼回应郑思维退出国际赛场,30.2万,/l?e=4974LmBrl4c8917mK3pOF%2BCE304GkppOrvtkHQNAaKMfUi72Zodm1lEi%2Fa9Mn69bOMpqPmLvsFqlVFMgZdb2J1eRsiveuNFwBo1NXE%2BAmmS98CPjGvOcytxB27PCBnMTYkEHQbAQgHA8fhQPOnWlT%2FaOtu2eNx%2BVgo3Y8G5oIe%2BYHVVLygFg283Oj%2F43fZ1Ur9IGUn9Sr54NPVjmbpGQmsFTg0jc1YhQMsaxyZDPdjCNkkV7fOmyjjjVW4JRBrtUqDvsN46iISQ8S9Y93hjkCUAm7ZNih6ziz4MsJ6zx19VU2fl5F8iQILHsbh0pIuwPK0hSlGPLI5dhexN6kpEKCZyjimMV7Tc9BG3JqOCIxjpYmoX9O7PDPUzDYJZNV0edKe9Y0hyGoWAxbCTbvUwVKxxH%2F2FE%2BF%2Fh
18.,美国女子抱婴儿袭警母女都被射杀,23.6万,/l?e=1d93Z1ImJQaznSs7f77TUNxHRElams0G5MSdb5lh31%2FGMWvBLvk9tkBb4ywvKwNseDiqIfDU3mMV7HDXLdbAjxjFK5xb%2FMGUinD%2Bu%2Bk9JfU4hNVPgfN2MJt5TF7KKCFQjjkFqPBiQTdRTRAuMy6wUjJAhTPDCKGQkHJILilZgYE%2B%2Fmusp1BmvYvF17aU%2F%2FtGdYAnRjLoOFPNnqPBq83UK5p43B%2BXo669XVeh3kB2ggZuHYWLyLfknf%2FCn%2BpOui23YvIRwIbPZ5twy%2FHTL6LPqv9Jdgm0sBvUfny3IFj%2FE7Cm%2BKGNvIBlFcz5Aupx9CUk72NPIOdBCOeApu3cT8gLCq2u9adcECk4QiLPTK8l75wkAz6xR%2BC1szChrz66wcsnRLrbmRU12jRXZWXbnFTLiKZGBJ1b6HxZLJiYgWtyb%2BYm75HXS8Pa
19.,官方公布冷藏车厢内8人窒息死亡详情,23.2万,/l?e=94d1z7kSZQTrA53xY6hq31QruO61D4gE4omtjNai2FFUGDPxqnE4NP%2BVUa4mcxDEHejAktuLDCnrgUzu1DQXJCBaZ1tLNGUC6sJR3e0js5BDcrWw%2F%2B1v4wCp7asF9Qtp%2FvAe4z2w0e2P9HNY%2BOE3cr4czSjJEP7yezJbSufictkIku1zZ5iUuGk%2BhlMmbHyuDjrsqmnudSOl7Da2sY7x6sSRqdVF%2BTd3zVBDfWIxbweu%2Bo7gyucQMlBYfMa288l3YN59SrBDA38HsvsA2inT%2B38MWQkaX9A9%2B4Dw9sdDdoLtjYlvNGNgY9wJ2rKptLyo%2FtjyZ%2FbCcIepT7VYn1Pu5mcFVHDf0nkofCULqVBTirlLTT1OVPmtPkYsZzWabD8J6zLi%2F1Xet8mt9b9X1PalCMsolDvKo3omrreZexMrcudPf6jPKD2hzJSlq9sMBK0No6ab%2FN6a0w
20.,蛇年春晚看九命相柳,晚会 229738,/l?e=1b687bMKACI%2FrCHz4723IRiMofI%2B6zvyGY9dBOgA3yMqjo76hRt4GRATlcqASCbcvYySPw%2BKa24HyKAM1jTp33%2FRckZs0n7X7I08PZCoq%2B13wNVBRuvC3ZLxd56o6iLqZQ%2FMUjQblaAxmBk7cM0GfaxiAFgjf0UKsUaJ9eUyrFvKGs556jC5IVBOzJVsSRJ1Q6seJQnBzgC0snJZ3enoWyPMrrdB%2FMBS%2FJeE%2Bh%2FPH9u413RTFsnePhbW2CiV5uzky6znStUUZqyGr012lbA0n3sYw8UYRluECw7y%2BuWvCbsYdoGxFTlw2vLvuHhL
21.,张婧仪眉骨阴影,22.3万,/l?e=b7e0TVk90gWhBYBxjUcMDgsXeRvkajEAHf4ELrS0ECT72H58hJ%2BxSr3sc5GmPJi%2FE72C82bU5DQvA%2FF1W1qCpSrtJKV6oWrxEkvHBubx2q%2BvVKnFW%2BkVR49azPetxt3FitftsXxUHFNPSiLf98SoSvGZs45kJiy5Y2ynboxE77tsWuEm9Ro3ZCkuhhO%2BmeLHPr%2BagyVhNt%2BR6p6JNbTH2iv%2B0QuLx6PzUrAo%2Fy%2BD%2BMmNnz0%2Ffsyemh0jf3iAm2UO2j0L4fIjNbCNdiOpG5sq
22.,打游戏一直稳是什么体验,22.1万,/l?e=05b06kmdZIWDKppOV6M3GdOJ4Vs%2BJolK5fg%2Fy64xwdcJ1jI1pvZqi1ObBI4hztA%2BOztQtyl1%2BkhP1L5weUY7NAtP4JZustBcR%2BuRw2G%2BxunJQ4Z0LdT0NTxA%2BdkzJ3OSOWmT22v%2BTK9uytKcEc2cSJX8hrLydTmYnz0KcnouU3eSGXJsAhCfbbEIsmVW9DAnJYRxF4oofkQZjJTRdAMVU8gz%2FHA6fDbQpfGbw2PamI2UXFBsGEV7myVOIzU8yfrKC3odOfzFxWhrJ2lTG3cWxsXdcDF1XwcbZHnAOndsLCGKLOuX7mKlZ8Ff4LHfP%2Bi%2FSEBAy%2FYLQQNtxOR7AGqDofDi56RGD%2Bei4pn7
23.,中国游客在马尔代夫潜水遭鲨鱼咬头,21.5万,/l?e=2219mu38CraR7V1CDo%2B37yG1Ke72BDW%2BotoURa3ki3BULRjqXuJu1qxguRgapYq%2FsiWleQQyzLrVGjBDbkAtJ47VK3lYv6%2FlLB9PNsaYxP4uOXFQcFnL%2BVlyU8pFNGcLtFuVEKdjlw7Suqu3ex9lXWy%2F33eHkM%2FGMk0fI8PuaHuyV0tLOAFE9apV3w2pOGulcGvDslWYr8DZFar1QobNy%2BX%2BMqbtj%2F0oJZ5TExiIRjql4AGtCiM2LLX%2BTEsaAOruN4PBnMMobhrlUrnpMV%2FRBJnl2%2FHY87bvx4JDhw54Nf2eWQdMj3ILIe%2FjGT8kf8Oc%2B16hSqQb9Ma43oW0Ou%2FHQLZI50Et4UTvnlzfSFe2xxqYEiHDRajoT9wt%2BdlKgGydUlSMu4UsPdU0ARjSwSP5Ek1iIcHuIHr8h3%2BMNeAnCdWf6FUCyv5T0CmPckpdrRPL%2BVsaZbkk
24.,周密把周芯竹买话筒的钱转给她了,20.9万,/l?e=d2640eUoloQvub5v8RFpTPb%2FuUoKSWjrqF%2Fs2JztkLZrreXt6XTKzcwS1oG9th%2FiY5vuroPeuHgLEKFYv%2BzZgFmxBit8Z%2BDdAOOTK%2B22VOYebymBsrkSBAqAvW8%2BcCB83pkzoRSwPUeg5zxFaL0XnJgu9OZAJlW%2FVRjH0lfP34xZYWoGuSGBMN6JKflIbxEQJnB43EkEfEvkFqGJXvIBYD8ww7UaSiRxr2%2FIaKY9EsAvhTr12Ap0hFsBCuhMF1Djd6zt9FGQf%2FkBGhzuunYzvq0X0rVdXx4%2B7I7tzi2%2FyvErEjcQo98qwKgpP13s18dtoQgMwjYpT%2F%2BKS7QcYCZl03nyQU4knhJ8c4eLJXvPbLd4GAd%2FgLN6If%2F0SD1ag5GROATSkihjhw4x1ShcvlYC%2FE0%2FO6OcpL2Z3jZR322VQF2JUnOtlP7f
25.,冯绍峰接想想放学回家,20.8万,/l?e=38d4IDC%2BrPmcgGL7UvEbHiiO0dy1ZgVG6JoNJJZcfVorhYnOeF35%2Fq0nfw0zMYVsLYIVtXs9Wrl8CdVs8ON0rBme%2FW1Kv%2Fs8f3yRsIkKK3J1%2Faj%2BGlXYaMyH53d6O3oXde2oi%2FPsJRhKzL9xKJKYD%2F%2BogM%2B16kyV5ma11NxNMaqeR7uDWg3o1KgIB2eSnx2kxH0kPV548eI6xzcGlP0urV5XgUJ6wS%2FzbRTfdvkev9kNioZRyEJg9MfA9T3QQXqQy4KvO%2FHYJ%2BHoAI%2B6JMhPG8Ump%2FJ6oM4hZ4rcfxIMN1ePOINPxBxYRSONLHgrXuFtF%2BH6VPrRM3d6Ffo6
26.,林一长沙活动取消,20.1万,/l?e=ed45ASNUZQJnfh%2F%2BoYe%2BkBdEXLf9%2ByHKxlHcWM4Ldo9zKssZkhQkJb%2Bc4OVIuA1EbQcgK3%2ByWY2l%2F%2BtcfC0oQeD20c9faXPz4R3IANh3wKa%2FvKF57sHxQ%2F8wex3tYKUqFVbn8sXPkbOlGtw8XwzkPpoRZlICFDjRUTYc6gpAWxTA0P4uOA9Mvw0bdmeOQMvDQHRcZTSE2w3yJcQ4D3IIU9ESAbtp1LZIj%2BGXewtmi8S2Q5w0qYMkfrvfqRa%2FNJ8bmwe5M9zgOYqQNZHNBCcnnMYqm5Dfxw8zaeIZEb89
27.,郑思维回复樊振东祝你我都一樊风顺,19.6万,/l?e=756cu2XbtWFJBt1xWfk%2F19KS4feTG7qfxhHeLHWy2gLwU37RiHfvZpGPaY1cCtfEp%2FfGr2BMndjCS8Qr61oNYuHdOkGB%2Bz6fpOzYXa9Cw1zdux7SQZurPTXm8EADYTlM9kZncgv%2F%2FOqNqsRwsaiZS%2FMK%2B3DiPI7fUrhDXxo2kMu0EczRhzAUEOR3ElQb98KJuWM6r005jtzCTNphpTljS1XPVkOIZAv%2BmMi8XQyF06IXt%2FcyDbRKyR6zz5K1XRv1guyheVaQGgZB86iutXQV6amW5OjBncZBZ70PfPqUTJ%2BNqD9HW%2FUdrKCNsrbpFCcDCaOjPG92a%2FPCDL2AWC%2B1BUQSQGTY1h2MSppPIgwsD2VNjB28m2my%2BfMV7hOHAeb8vXCkSmBw6diNA0OUSvAAvCAv4gXpeNGaqBH6SSHtnxuZbr3dBoZfx1VRiogOMUiHoxcYyUAv
28.,安以轩老公被判处13年有期徒刑,19.3万,/l?e=2e0aHK%2BgvOCg9SK3sLN8KbNua1ZZeiNkuVr2wO1ERKf1kzVA6i%2BE3RGWjeA28YguwpeZJdDSykKnpKf7gtl%2FY3PCzJd0DK6Ib6c7bmGIQTAOzeUbgSFDFHeQ1Ep97YLcpKI7gV4SH%2FS9ykUU4ylfQXjw%2BlZTtdKoG1hRHYz07lCyLqXJERsvOyST7R%2BWziBkLLWJmiKccbBQWfjFRKHRamWMW5hhELOm%2BhZZ70KiQbnfntZBoPCxQrLeW5FS1vyBqdyYFT08i3D6U3%2BsMR0VsGzdzTfx3NLwDedPGWfrD29m2cQ2xVDj5gtkk0tdqxDxC35Y%2FBFMvQQ0KgIJuB9WZouxn%2BDqHo1lxXg654OYfm819C16niygS5lWTMSvJYC0NY%2Fis5WB33q2gPw
29.,女子在中医诊所遭性侵医生被刑拘,18.8万,/l?e=19balwDfSn5bHmUNOhS64rRg91ucaHQQRSX8jSkUluwcoxZTqwf9MhjxTCEI%2BQr2AbcWyt%2BDq4L07fEaj93%2FpmcNyNmgMRarXwbE42nRqLNzi573909D0e%2BOn4tn21wAUBZXWzafWKE3VQoA8KA%2FLEOjPkajvvGVpp7iJh%2BjAPPNuwXeK2HG0ePUXBQwvO4w%2F3LM6k2%2FnZuVI3OrzFiU%2Fc1FvVEyDJL5uoEUbh4JzaQIJzLkED1YIZthTeH9nrkx4MGpe02WJWn6OmaNnnvGw5yMsWR%2FdfXseEenbfLjkMHYs1k81GVVi1IA1XVXchlmHYZo%2B6x4rObLflmIQSBqam1h85Ofz0EInHT%2FBX3cv8ZqK7CDpSAtAUtASeTienyAY2pgq7m3EN%2FyVeHz%2Fvp2sbN2hq99nt%2FcJsewhpuQ4SMz1LzMr4An
30.,蛇年春晚官宣,晚会 175129,/l?e=68b5gRK1SUwTrSvyzdJ0KozYz%2BV8x6Z3XhhbMtDWGkrkQdMs6w8FqdnuoylWGSRKFx6XsiAmyMZujlR0RNsZxEWpMvqF%2B%2Bt8GTKUjY3Sm0YniInQjk6hi3Sx1v8ugMOfmDLr%2BGFFV%2FP23jt69IMwk8ht4gzPxyAnRpKPH01ASV%2BQOxrIBJbyMhKhfFM8N6SPBUrkjo2Im97CaCvdFG2ddSwJu2kdy62X%2BTrqf3wOb0l7XjZsmdcF07hlNzhXjnIT
31.,郑思维说我在杭州等你,17.4万,/l?e=5e2f8MWhEEnfSRKlHG6tDw4q2GlGiSj4M8BC3VtxyCLjCwFlT4j4WvCyZuViFikF%2BVISGWrtHbDo%2FgNLs4jfOdXTBhjraVY8xHX6IDXYcPf2JVC9Rdqa56yUP1WJrR7ohRSPP2wKWGG9bhyRNbAr%2BJSjrO4EmhSMC1AYEI5V3OTTCrni%2Bt82ifRaYVB1f3mL4tFxgUc1%2FgqrkSdI%2BP95N2GOlaePKysQc%2BTVry1jLStxLz%2FfI77ejUyrdcJyJCDyG1HpQth6e4i6t%2Fzcv0Hzzaxg%2Flxb92XTtH4tp%2BGKFa7PXi9g1oES0a5zELpfBArYy%2F3NRIsBV8v0FarS
32.,王源头像P了个新帽子,17.3万,/l?e=a219khIq3XNmLhOhIU9yrOUoHmHea%2BYFSt4088BRPxuB4PB3Vt8I5DETLtiifKKXgUJldtbfSANmGg7eekRt4ifaagziRUfBbChsvSZimHlebLXLwnRrAPFlw6Nm7OkeY6U6N0TW%2BCBMtxxytxJBqHMxcrd%2FyJvfCkBOkhhmuQhSqPsxbVkvOhg3A7nFeah52kQ%2FbYBu43kyzucZ8QqvX338p3J6CY62PLn1oaHdqR5kdHQ%2FCqGGgwSIZ3vFU%2FcKBIoVe1UijVJzJYTwG1UwoqUF2tpkrvXO7hbMNNZL9PoQDLDYQCw7db7fSEnYtQ
33.,为什么刑侦剧多在东北拍,16.9万,/l?e=157aury9D9LXvDoxR7EYv1EmL9Ad0gjIX9I6etkDlv%2BLYTCeHQe5jtzp%2Fcb%2BHpCTy42e5ar428GXNnV87aKvQL2YHSJ3pHrcFD4kbLg13R6%2Fv71oB%2F4C2rjfvWViMmlkUTJ4WLXaTmmNCwGj5Nm7FkoQpJB0uHJ6OqXVz%2FjtorAGCvMpvhQIRVcQ%2BxsqqagtwIgLFB57QVcAAfQnHI9EGVR8SkqZhyjGR4Yi0TBXKOgraW5fCmK2BecGnaNATSahszAMJMa3AIRXZhs%2FcnmIuGq1yaczyXZoxFxxHcKN8X%2BCTFV5Uz7jhMlFCDi4bSfusMUCmrVuH9VhnrEv1HCiK6fKwN5FI7mVP8tF
34.,iQOONeo10双芯战神,16.8万,/l?e=8295WkKEkJVBcx5sul6dXf0OxVmruKPifFdhPQV2ImPheZS5udLXU3gF3l5StVAb8KgZ8yEd%2FJKI2KcDR2ovL1p4ZyFxxYMyEAUFzwhKrhR%2BW2AujpCiAan%2Fgo3KiGSFfb1NJzR%2BRFQp5f0pdbVXzwUw0uVEJ0CcCxr3Td%2FrlTiDYnjZ6lJLOGHEa7YmmuJRbeoIJRhxNKMpRJW6URb%2BaTK1IYNToF5ERuaB
35.,辅警因为一次好奇9年后救了一条命,16.8万,/l?e=e5e06iSAZZz08iamBR%2FQ7wzHMjvT3LzM4CQ0ZbH9IhJfvQru4MCC%2B3fUT2ZpsZagyXX1CycrLXMVtizkF5jkcV64bzsRaiPWp3KY4yjA2leqBl%2FNZw9udAd20htx%2FMdx9GQK5uqk80XCP8UQ8%2BgFu679JhXO%2FKHuSUDvvFEXsEU8DMc9FGMGttoEruBlAdZwGPpc%2BJGKz%2BMNbc9IlF%2FCAzLboazIQwxb6wbEKqBtm0qagP%2FAICMUoxwOxCCbGPjilVs%2B%2FSdzKtBX2BmcseJBt3E4QWixyLR7CenJfh%2BLs83NCgfBwfwbc1DoQ9XX1%2Bp88%2BdoI4tqkgIvrbHYDJJ6Jz5ePsOIFANufWEJ2%2B3nU%2BovYIbgr4ERkJNmo2qMyKsQJCvUFQz%2B6WF%2BwzcCqYlXnsSfnyjjavFJCJwr6Ryh3Ym%2B7fqw%2BN1Ckw
36.,年轻人买的水果半数是情感商品,14.2万,/l?e=42d2E%2BAEp5bzeu9PG9PL7Ys0MSAiUB5ENBBDJgtXUgAWlySZmO%2BW6ziv2AKJQFPY6bN2vZwH5rtzVpwXM9RIBa%2BRf7YiQ8S6zZTssFvlMdkwh7tQA4q0mL3FWz9zZkgc64kZ3l3FMAJ48GqkCD7lyrFDHi59FVHwmbAQwW5WqAlAsgDlvcWggQ4NIXUb9O1xxZmRDb8rjhwnGQ40vgTiPfm19S7z8ZJBUUscByjHOASzzjyxXGzIaCidwD5dXk4a0fJypxV%2B6dyWgsox7siIq3myNvSyIx5%2BbWVRIWPoL77uOMlpdazSj6Hxjms%2Bgj6bTpk4cEq%2BKl21ZfrMqSLQ5Hb3wl9NP8otIE8oBTLWxo%2B1xCn5gNqi6kFMZqTJt1dT%2F%2FLsP3nCt5OZi9h%2FF7oJOvJESjEvgghz
37.,周翊然周放一搭嫂弟二搭姑侄,14.2万,/l?e=b63aSEV83puWvDKV7QqoV8z8SGiIbhmRynTlKUTSA1B95Uz91D7CxLmchzANwGAMNIj9zz8Lxdb3slBRkYU4bVXDohAVnBh6WcZflYUT2EsvD%2B%2B6XI%2F0moZcaG8uU%2Bj%2BzucCPrM%2FCM9GCX4rfPIVQxdKf70u38GkuZHw0FQiyDYUG%2FYid%2Bv4YEiCovJ03dN9nSHH0hulbmSlNYgYns3BfW%2BngZLIRwz4FNJWkYc2pJiEPsKgOsQJ7uRWAdpG0KPR9cSHH%2BHDKSJv6SApLCUP5TpDiSXTPOu4Me8d4pzx7is0RbouZvb4WkUNkCdgdMu8h36CdB764K%2BM2kcfWmrepvgBPi2YAJj8PdMGh2wlTbrGgpXVJ06ycgB5VC9fHR7Gy64FcU%2BpPucn
38.,优衣库客服已读不回,13.8万,/l?e=08a8CsTpAlpcOi%2BpoiJcqZ6sdeouq%2BIrYpvKEuDkRVRruvJ8uh95bAKDm%2FXfJx1dU3gnzqf6TGf1DxbEQMDkroP%2BljGriCfWqq8XDmNTIbq4nn0%2Bbf3hqqgTAoCVcXvfFUZUTLav6Z%2F1kI26D2DDxN3MyjxdwQrWcOOdkP7%2FsD1lv57FDRM%2B8%2FKy3cOa1%2BRC%2BRXAjsU%2BA1XQdoNHViJ5QKNKyqxoXkwwDyf9SeZ2jeIC4plNV6MZtoiWN3aPHnlHNrrF2PZbo2NEodVr6ARtJ8IbAZBDTR5PtjEqRBQ2mBvNlVLXpd8dDOqfgLlN
39.,国产剧奇葩婆婆又出新款了,剧集 133301,/l?e=6205tdrfArvnOPlsmeTITPtbmk3P7md2mHmcww5xs2UQ96WGfWm%2BwWvKhsQioYewWZBvt%2BqSC1P6vbZ7uirGK7MbRsKKWnYX%2F%2FJjROg20vFiuGRgKc0BDC6aFw72%2FOsZBaeDnExClcmjFt%2FzbgI5xGgiv4Kr0PZaupxfq6ixHYxqcszYqfJV2T0RrP0WVTXEgiPqo%2FQqvqy4h5QHnD%2BK4X0o7DTfziCy0uMJ8y55ggeqvqA%2Bu9LVa3rfL1y%2FnUtoBumrFiTm0Ns7VrxUpaYCC9IeY3qT3P%2B4tv3FEafXTHx55xve5mFK19NUo%2FA%2BF%2FdkNhKhbJl5yd9emGThGPiFli%2Bs8GpQtU8qHRVQnUzNPeuosf9eY5hIcZwt
40.,丁禹兮看人深情是因为六百度近视,综艺 132684,/l?e=4cc2RTMk7IuwqGIzuw7v4ibO%2Ff%2FVqHV3r7fB5hMf%2FOcmqol8br4Y%2BE7v57QEevrUYu7VP3KYKDh5FYAQXJmKebz6NIbpCjtcDc6ZOuWsdHHET6L8buJTnt6zi6H1Dd5KOZccX7BSKqGV9mSBpL7cWbNBFShtZHpvEkg%2F%2FqAWsUBqGhN22nCpaDbAE%2BdcsUFLoy34rKbo9NzIPDQsiUI5a1u%2BGsW1E0VDC1XN45B8TLH2DCmJjTwJUjYpjVcNzwFOFjpppugSznBcnou61IaddTZxIqcLKjfBqQy%2BIb4Si%2Bv45RFb9XYephbVMpOOjtsplXr1KBdlPLp8rel%2BwHPcIIAbGbrtnfm3nnDziw1%2BV0l%2BMDDpydpq7XH3gGaRq4ePZiIPuoG6XFTQukwLodEtsmWCxwGoMAe3DU0ojU9pvSQLdAJnw9uy
41.,樊振东对郑思维说风正一帆悬,13.1万,/l?e=41ecWqGOVK4jlIgUtShlsgBGLEFtdK6FNEi1z5Zp30r%2FUkE5tSZYKLxuhfmkP6DQTURbvITMBMPRA%2FgYRgC3ZWpPoT42yFUc3ICW0k8krTms2c7hECZXNJ%2BWwwn3v5mcQcl%2Bv3U%2FmbqJt%2FYmC1pYy9h%2Fa1KlHrvF4g%2BWvcOt7MRbxSD1UTNEICROfXjPrZbJTIRe2BaZIrv3rFipeJeazU2z0fSseqEWk1TcjvgBB7ZIcj5wHJvyAc3Wu3QY0g0QnXD2qReQGc2gR%2Fc0rOz7jbAa3KZ9DyJu0soSYOu659RYhrAh3vfAdAcx%2FKWgwelNj%2Fy9nRIWjRgZbLc0KiCHUXmiKLN4l1GZzOLMBQiNsXtLfWCn%2FOKc%2FXWFjdOfQmbn3PyRZNq%2F10fe
42.,TES官宣Meiko离队,12.9万,/l?e=d67fmr9CZrkj5QD%2FzXDjAaDpC%2F3J%2BWCxO53L3HtszOH7kOu6iXs5Qm4eIFvdAb4svZgxjNLkv%2Bd6Q45iEalSVMLW%2F0VJREgnjOgUDZ2dSMOS9N4cJNUUsssjVeL%2BPt%2Flvs2VAkedszkziu%2FJt9AOOq7V8YjqBGSUtLMmDFl759x0IaZ7ODxtS4lZYEQG9Wj%2BpqUc8WHFjrbi61rIbqegV6%2BVAy53t0to7Gs
43.,王楠女儿落选国乒少年集训队,12.7万,/l?e=ccactCqfKl4dAIYw0YJnK9aB%2BlZGzfsyO9D2NTGF1TUVIQ1Zo0zM0qAO%2BtlntPM8g5HwyNjbl%2FotZE7WeDlItIdKRhBf80FjFmh7OW4gvEkKN6A7iunGZO%2F74%2B0GDnwQz85ey0DLsx05Hwr%2FAiAGosFaZ3%2Fgvr%2BT%2BAWdEnAHOsV5W4t2HpBD%2BOFRuLy9Lsf9WzPSF%2FMXtukCTpVszdGmPvkZ7vvqiCq16Ogu5RA3AcoU92GiCw7suvGlmmD1Ku12p1W2DCdAHJgCxKeABjuMIPsj8y5BYklxPf1XThWqliElE04L3LdjXyj8v6Q44jFJO4WUoD6QvppEUvvXCwtiY4tTBHB7GxnsEqhyLlKmCWqi3eitGx2entgRwvv%2BwKfuIFldDjYA975t
44.,优衣库在华业绩下滑,12.6万,/l?e=f067%2Fg1hg%2Ft9JfMEw%2B9G%2Bc%2FklXBVByzYMXwwBWwpFwRXeaRNEliT62IzcVU50DKUdVnUJra6FYx3T6qINJE2h1Rf1d8%2FReQIRIvXGgkXmVjZqIZFgdNa3gjwZgtfzrlDepywNUWH2TA2akyA2H3qd0J9DyJ27h58XmGIkw%2FlBEKUCeWxt1ccwLyRCU9iq3ci4ye9fgu2ZLr1f95ILWUKy5yB48oDe2xRKuc8RQBtVuIXKHmts1pJjfG0DnFT448l1W3ZXWvHC%2BvH0JsYyM71S2zEO%2Bb5pyn7LdY%2FKtDC2dcgcAjLXKP2QEHIPoTa
45.,侵华日军日记曝光南京大屠杀新证,12.6万,/l?e=f057bxDGwbW1wW1KCtuA77VpYIEu29SsgwuERjVkqDjum0QX8OnljXSfiLvySA85RlUADBkrejEM5rgbT0vJK1Y8GD3UrMA84jjEiBKXQ56LWtXK0yFD9iwT2fLcpdzaVyk2IOJ%2BEEACYIHXfR8D03fKIDWTPbYJZGrwzjrNkS5KUrdJs7qX5v7xOck2oiB3qIiN2YksTqhNZN9H7HQe62gSEWPKdlkzQyGzgIpHcqb9kNNC94KYgeEl7GuuRRfHUKTSPEdTrTIgqTQ3lngICHqtPtbRAm%2FXvcHfQIhg7KOt1cIYH6a5GKHXmDZ8PqWDncna5pqlnZ7ta2mubzlzAJaF1zCCgu%2FqUrrvKWzhDcu%2FtGcitHrkS5Bzj9G8q4TZJzyBK5S9C50bKDD7GWVc6m23cdCF9Q8UUaZgz2NCritipwUSspyK
46.,奥斯卡宁荣荣 新还珠格格,剧集 123615,/l?e=9027gSCvpVKNMxpqJxq%2BcP4walMOG4Q8fMZcIIPezTDT42TFyH7%2Fqjc%2B6KVxTLLZ2QbGSc5LPeYGj83ok2ISziBYFA%2BhmR1jmuTbojamdRohRzlfUahfUvjo4IN62Y%2Bn%2BLtaT636iKmoL25V%2B3tLh4MpFeJnK93l%2FV6rxGw9F7BOvv0fXK00ZSJb0W3Ilj6XWwJXGrzpwAvnYBE6jgJJ4Hk%2B9YH2xoqm03SuoC7EAzohOONv1LUb4osiy9C8G6Y4LohxcIb1%2BpOD4rzv%2BemJsvfDOu54Rotqbha7p0CMeweI%2BS5G1FYdmU08suzRVRHiAl1Wpwxmi5RmSr%2FCPzXS2TvRIrDhtlx%2FbHukK3qc
47.,你家的筷子多久没换了,12.0万,/l?e=2ca4fYaAuaI%2BhmNDkyjDmY5hTHq6u6ALT4m98z3aJWhGqFJvxSLUNckSmkgEDoJSwl2eaJioU4EpjbJM%2F1VFTNZK11AmB63Qbb%2FB3DflWeUz0D4OSQi8Q6SE9B0URKSlZMfUtF4Gbs3%2BmxGgwmxm05rvV5IGulr%2F7ZzuCzgE6DmJIYMFx5tO6%2FrWeiV0daxSwc7QmJJFCRXgvfejxVFZygDQBYYGVsOqto%2FjcPXWhhlv7Tj3r4hrO3%2B%2Fgjcas9OwkLxUJkMxyeEa5ECokxW8MboXaa7QrkHv9cJ1HTz%2Bg%2Bs1LzWjrHpFjGglklx09n7XtrnXrwcmkSERt0Ls
48.,珠海户籍居民可一周去一次澳门,11.8万,/l?e=4824RYTnRmprSHui7uCPcLRB7lUBCMlEZsRnBv3nXxpDkBOlOtXvVaK1zoUaq1a7fGma%2Bp1BUWUDBUahRbIcVQ%2BvaV30wimwaeimJtea6QxlHJZFx%2FWGqWcnej%2FmOhHu0KipAntUcXergs1W82Jw4LS0JQQhLiPBvlQ4KZWS%2FO1BgU%2BP7cSKX3Hf9CE9CHPRM8a0qakVQU8HcAPoO9T9xoIax8N9mKrK4D207Xaqb1Zu0dzjJkd6JBjNjROWKGKgwyFMWD74L5JoqyVicpYzUoGU1Unri7a7ytjvAd7xOl%2FdIZ8QOZrNwHOoJXFYbdSPncUptLxCE2g16PX%2FuHcPHmxtR%2F5S%2BbS6UlRDAU9KO9t2rZsgHZlNpo1eelrnViekYhsLkhaHPZFW0d52%2B72XxBw6ok%2F3OsW2
49.,杨子黄圣依 人设,综艺 110717,/l?e=44faXXQFjp%2FEf%2BlH%2FX2cgQlSGzIiQnuHnca%2B2RALKYjibuI%2FRNWjsg62IfCvriJGdTMSAfBnDi%2BI8cpG1BnGkTlvEvyrWXyflyDmu1pUbxHexCoR8kMzFZU8S0y3qB1DxmPjK2eOBsjio4odc3wdxI7WgVx%2BHh3gSpf%2FceLWBwruHhiQgdjjrz2cJlPFonmAbouE%2BkH37TXQjGV3eOWk1FHLO%2FacU%2FPjJcYmLbsat8FsfdEWGFbUcBK23xPKxv36FZV6l1pyhJOFhyjUJtkIFEsC
50.,澳网亚太区外卡赛,11.0万,/l?e=0e0bCWYPSQuGyloSoVMFMAhk%2FkmpKtDaV%2FydDr%2FAEcunUGgRQJTnWrQg5XiWrx3Nw%2BF5Ap30N6kkWE65RciM5ZPCLWEBEayntbgFc6HAjUZJ1b9bC9Kf3aVxFqAuVTMyMaISvYczJncNP8n0YQpmGxFLloIU1DgnBui%2B4iuqrBhqF9h3IQ4YVakhDT3E153gzbsXyRq7tUuk0LEGnjL3lHrDxle3rYrQixZJHmw68Rn9%2FFRWSoFq0dzJkK3udbCl8iRs6EUgoLKkuKwAxf7y3ns0cOxY57vD%2BCB5RqVV
51.,儿媳控告公婆未经允许在客厅安监控,10.9万,/l?e=3982tqoL0s8zOnE8CvroFJiNR1CvwdhLYLUKRAp43xCZKdVAL55OPlqmjyT5JRNcjHUGBZ6w%2BTULKPilUXJUp8uOYeT1JzAROrCw6lYvONj%2FpjCmgMbxL3KsdAC4g%2Bb%2BlXDrtXi7a%2FAmtIL2Rqm6ID%2FmK65naOaAb9XyLzInKqSJRekEMsxTejLKDjHM3wt2W8JayGBjyMIrhQYXeAKQnqpl7WFfMmL7coL4VRZ4TAWzii%2BaMuz76xFrQtKo%2BpyofAlnprihbiEPSkws4VbIeqoALeQIUBVW%2FJcWjso8eb4azFQCXatmuyBiJYjPVcvlom5ZhBKvUXCfnDGGmg%2FP9rFZVQCTJ%2Br65U2DJW60gl17OHqfGsa5YITbVb19VsIT0FGFY%2BI9DwmBwpUUjlKqZ1S8qpsrRImF4iXBj99ttpoc9ETseENmy0nlhotwvEyVG15PXi7s
52.,侵华日军日记描述南京尸体如山,10.9万,/l?e=4781eskAeU0l96gTL3p6Z75hlPkdeiI%2FGc1puju8ePRub9eKi8tVYu9kfsCNDI90wMWMnDxkB7K1EdQGODrbN7ds3XG1WFySimdOx3CMHsEttqYdpn1DEoglAyZHpq3HaXkL%2F33VEN10%2BzD0YKZ3XVUcpS0rqCr90Ovw%2FJ%2BVogJcjZxuOS7qGXIybQEfDDxtjFSXrGw01HUw6rUl3vMxlSkgVgIUr1GHEJ%2BYw0G3iWVhAsaoqb7HPO%2F%2F2ODHvsIoxyiAApfKjy0nWVu3wSpp7bJ1LT094jHpGsRHWoJXjFrhY%2F9FScJzIVwLu2EmcuSr6e7kX102eac4HC%2FnsEW9bHznMbrDsxsPU1YYqk1b%2Fop9YKVnHDVCaL5BIZzvjQ8eJWka%2Fepz4KYDbyQdN7Z60YnYV1ok%2FjN1
2024-11-29,蛇年春晚看九命相柳,晚会 229738,/l?e=d906WBR1TTNPt6N348IcDlHYzB3p44zkKkv6%2BAeHKtyTX2kmxvYdS1t0qjJicOkkuHcU0YpVja1vBObvDr%2BDqC56rDFNEBNaXReOc%2Fcnb5a%2Bh%2BIrZXqaAqfI1PJ3ZjdTjEjQFTK6A2S0DbOK%2BBknI0l71HQH7cFx9gvJk%2BDPze8OIiOgM0ottWhNo5zWVxTc7Vh4FfS0yY6L9iN0glTfP2V%2FPQxoPfJcZI2zGLC93wHPRj6svtyAvusz2LFw39C6oLMAQwOmVE%2FxF%2Bv6H5y%2Fr2hQ5CW%2B0AgcYhuTwmlqvjjjo5AOBEpKXGoHE6zP
2024-11-29,张婧仪眉骨阴影,22.3万,/l?e=494bGbv8Zpu%2F8fTBxK2sPh5zdUCKvMlTdxpLAQBxjcKBzZcWXht3D0K%2B2mNtz2ucnZiI%2Fl4u2mzgdQLqUOd0pm9dFmu8LHfTHxu%2BEUH20szy4aWYs3UMz4koJX%2FXR%2BR9QOSyR0wByHGB%2BlOUT5oRItCFmhaQoz8zt3Za5wGxRKKT32YJaaT%2FAKeTgB3EQbekWUO2fNmoc4vy3jlDcvfRoHkvnKsMuHNbFICDkbkTqqtYzCa0d6tQ2xUgWwF84QeKg%2FkJxJVhCAmmPG7XXr1b
2024-11-29,郑思维回复樊振东祝你我都一樊风顺,19.6万,/l?e=fd57fIOw14kG9642dc%2FXbaerKZSgYWGGVr2dHQbhhR%2FNbpblx24E6XGBqB2FUfD9mBkqjVeSEn0QifQccmR6Z9J1GzqIn7XJ3Wy3G%2BdbMpqA5S4rjJAI1nQ7xACn87hP7xal4LWcFU%2FwzDXRYfX44PTth7TmhDaQ2PgnudEaUmd4ce2LbilrzeqE3qdvE19jetshkGIfbjebIbOYLj6TKJ7TqniRpY4SimpSx1ONAnJhlGwKzqr%2FI6iOAVzAN2%2F757u1P2TeiHo3TS04gvGO%2BYS2z9YXN4ihyBfz2G4siOOOf%2BXubicNePmA8wNE2oBWrk5LDxvkndqTvAh6ljFermQOncT5PIZDhaYvmKxkNw9opvqdUJeF5FVV9shplBC5GV247qdDVt3LgVUCa2Tv2bz%2BfP1aphoLBgIlyWZa3QyW7oTrmIw55CadN1GMnaKo7SFsWpNx
2024-11-29,安以轩老公被判处13年有期徒刑,19.3万,/l?e=60f204gTOBSdIxYww1ukZMi6Yy2KaXLhvqqFTslhB%2FKSLYqBEHKspsVV19SfxNkIBRdBp%2B%2F7RTXdFaSTJDaNSnLHq13iS559reuh78eDYJ3hPwlCkEZSIAKwoTsetG2%2BN3ksW%2B7dg69jIJKzQlgRC73EsPeYQ3gvGyY6xmR7lVKxe5EhpmYBBrKOqjSVPJ4y%2BzmY1snkck9deGinbfJ9FjNjV00mRXM1oJ2YG9DrvV70W8UmepRA%2FKsZ4piNyGHRM0QnTBTMslkX0sv9dv15k%2FFBwqFg3eo%2FcwNg%2Bh72NdqbXxhFA9XTv12dBPNjsu5mlCsBAkKDQ4fpuxzQiLwyU%2B0%2BMg6fP%2FhlqmtbHl3T3S8ZnMWxLjaqJ6okY6ZAUF%2B%2FgC807s878WwqD70
2024-11-29,iQOONeo10双芯战神,16.8万,/l?e=23a42lZue9oG1ymDoD8UAqIivhUATE%2BnJP5UMOIlS79SNjkumeCKnrjeSj1VH3Ywt%2B6PK1%2BA%2FTFja6yYgV8lq9SX4ZKlapcMCSpJuend4DMevlC2UeCmqciK%2Fn0Dtj8e7P2IfD8bUAUOMvi82ETkY8%2FJBdrTjs34afY62J7MIcDouklafM%2B%2Ft2SQgpLkWq%2BKEUTMVlzngjDPZSkge7%2B7LaiQSHo7bmEvfVhr
2024-11-29,周翊然周放一搭嫂弟二搭姑侄,14.2万,/l?e=f694EOlvBRWwXTkwG9S1yETJpOhO9Cp32qSDJ2F45CpfRl81hvwei0uUm7vFO6qGRtQmkN7LZ15c9q8crrZX40OLdvZ3Yv49oITJziHsZ2PmLRVfrmYQyoeucVYQCF9y26T4pE4ObzYzGOXm138K6wxZOdHLDpdLgXDxCAvOYWjCNVaUGqq58xb2PZpSkJfnKS41Oqm5QCFDcVru4QP4Vt%2F7TxGk8%2FkOcp%2FYOTFiSRJsyX45P2HZYfVnIxBohi6jFwmzKoumV0OJFX21e8sqgyysts8yRqdXdy04%2BNxlpzKxr2tAV4vg7qiGSsq1pjDRb3%2FCFRCgGajsbtd93u9Tfb1Mh%2FD1W60pbvP%2BB0lTIcfmTiOdfz%2Fnsgjh7CvLDQwZrQZimnXqWUj8
2024-11-29,优衣库客服已读不回,13.8万,/l?e=ff2cm5gOXyfpxR6a76HXx3OkfmWY%2Fkb658QK1iy8%2FhokeKBDT06ULCDNjm8MuQCpmPcUhbeH0CDN%2BzouaVp8zhrNj2uFpCL4y%2F7lMCwc027x1ttGEaxty%2FNAxQRVtCHu%2FOgb9X8LOjnm14TB%2F2K665e9pvB2WfjdNmYfTv%2FMZQc0KF6dauXF5v835irKCsJKKmaEHgBdpSgbwebWP20Gg3CtsPMerhHmPH88qPH78x%2F2PJozZ2jiO7V5BhJ9VdDNJkjCC33Zzj9tFSWsXBQ8jLisDMeeiAfABBIeD44EYSqzfIDvZngpEthdlBvG
2024-11-29,樊振东对郑思维说风正一帆悬,13.1万,/l?e=7f5frpGIxbqQgvVQjNXAQB3gmUozEsUASaUQUj8jfy%2BHujfKC5bFbilvtZnNavTiofPJ%2BnerFTXh6K2UL06JIRM90a9GdxrTapToxra9nud0iKOkaItsPhrRCY07zNX4qXr%2B09cP0w0ITRESRQ7UMs0xHfdbfuwwM595A2kpzMOrm16oe1LjLhvYMcS3kuRK%2Fmzj%2FKsLSXO1fG%2BPjIXOr13XeiIwmY%2FoUzjM9g9K6M424iQrgVxaLRohqDqXn%2BkXRwKHnhESUUqAhLhVoPbnHrzvGwg8m6blqnuRpXD4AliPLwZw11sjsi1G%2BrD8xha8Kcy2M5JI%2FuonIOzoZJmQO4iRin6PJRtQd1AAtSYR1Wkg2DV4jPizWQ22YFFBgvDvO3kwO8dpWhxW
2024-11-29,优衣库在华业绩下滑,55.7万阅读 | @南方日报,/l?e=1754w2ap1NAQouV5j9aEHFTUIuCmfIWNIcXdyap6HMmtne9uLdYuNppZlZsNYTubPLxr%2BENL6iRgoXrl2xX1gG%2F%2FbBix2z7loN%2Fp0xIRm9Nr18h3pP3iNtkF%2BbBvP2FyPzB1niZxp5G9szLPhfQDrmvb75tIAHduAeCdsIVQsV%2BbENZnMrEyF1uYdwUC%2BBCM%2FSwXU3sfoq9xawgAzA6PuC8bTjxrAqBcuMIqFG1iLyACJvuWGypoIBgZp0TKdyQgBh2SHXrSvoQWgi%2FKYek5%2FVyUWrYM9BQS3eEVXGEhh3Q67HLD585l9R5LhX3W
2024-11-29,2025杂志超全订阅攻略,,/l?e=2b37EIne8RUpikXFPGPMW4Fqr83WoMNvlpj74CDFu84FuRKjiTIwI54FxEl8MWZHSIXgVNPPe%2FoUWkUN06hg7a6USeISZAVr920wnXYhWrW078A%2BX1FY6Ihk5ww73C903V9VgWA5rIIkD6wq4acsUDw9tDuYnYbFJoEPA2vudqDvDiNuu3m%2B6aAjWVz%2BfUhDOWEKY7gKdDsxrAvKLIQElyMowAt4AFo9JQi24Bu%2FUCPPAezeJqBbxKahZS9YnV61PhXCLKFYmJ7MqUca58UcTK0Dn0nubryLqwzmGrBf%2BNPl2w
2024-11-29,一年一度晒家大赛,,/l?e=0674DDrIiEqf4h7XXWcbhDeJwGH12dexKmU0URx%2BwuDiCDnB1J9FnHXUO%2FQFbo1wuSWhFsu5kiDR3zQdyo3HPC0KVK26NS4t2mqVZtvXf14DKbEklIRcuLvhVExaGabraf3iukq8EEe0kEbNWnmqoh4FeHfQLH%2FRqC%2Fu0iqsvWkfWcof3piD51kQlJ3%2FNk8AeHQMdJ459vu%2BAOLu1YhQg0QPKPEpbi%2BBggPjIvuW4Ep14kIv90K8QR6UvKAGU%2FvsRmzXzBHr%2BbbRMfw6A8dORl%2FRGnmugjYwS9o8XChy
2024-11-29,A股三大指数11月收红,40.9万,/l?e=1182M7dc6VkNm9MkpE%2FHVI4HCkn90kHQbBz5FbV4%2FNNk6KY37es08ufMQMmGj1dlByVuy0zkPW9zYoGxi95apgoGq%2BfjRAVYljmPAMkQYi9B%2Foi%2BHMx9jUsQz8oYndD4CNGy2GaRneS5bgWLTgJec6F263D8jmA0EADjU0IgBrmWgeHO2pPF9maA%2B0f312G7XBZyiDO8CsejTMSbnr1PJ%2FGf%2FTNUEjQJGcCerQ5vRbvAFdN9OJs1EV6jH%2B455q5arsAhsTZTsIMEyBFW2Fv70Pw%2FEvDOMDFrrUYihWfLBSPV
2024-11-29,澳网亚太区外卡赛,11.0万,/l?e=ec53f1LucHqdY1%2FLisolkzqDEJMiEqq2cLHVDK6C37oa8PpExmfGsJJhpkJS00WnWInU%2FwO7ihktwTUiHSIwViet09AYV6D367rdHfuREy8SQIv0NaC%2Bz3tbp%2FO9Djgw3xk7jVA00kyksQiW57jLECKnLP5iJlVxAaeFKxUpraYwk%2FSTqNwW2vNif5zy9NCd%2FwxNeEuhua%2Bpmw%2BiS6CqZMYHVT5SQ4Lnb3UecfXkm9BV5VkwkyPKsoYZeM2azMwTg9GTZXos2JSUpl5ut7BQ%2BqeBvGxv%2BGQTH9d8ZT7Y
2024-11-29,龚俊城市雨夜撑伞照,23.8万,/l?e=5973%2Ft%2BEJaz4lH1d5WAzsrJAOajP0rJzZNhWcsB82%2Fqbo7RI0kiWjd2W9Ea6LuX0FxdRtmBHyX%2B%2FN2zvTicr3%2BR1uLpBniNbyXXvx7ZoGGUTze1cwiGkxWJsOMlU%2BCGS5pKzXRjZOGLAq1Z3rThipaWjctBHEPRiDonvAL%2Fu7bUtLVGJAv2PO2GejILRrBDQgrC6iU968ImjrygcmoMEcm9B6BqgE5EGajHmjauoyFg4r%2BeDM5e84BTJ3B%2BO%2FGw3IZ4HOKrM%2FzD4eSWYuhogaYg3s6V4VxDC3cCNyvbEvpOKcOxwoyr%2FtABlVTzj
2024-11-29,郑思维说我在杭州等你,17.4万,/l?e=affe0ko3OA0Z9ENOwqYV1cABr2XlGIIncvmi3Eg8GUNNn9njPHm6aWwCszXzU5X8mQVZ3JX0tUfuhvyi%2Bs5vYcgPSeezUD3syjbIAjZCLNAn2jMEoayldpFPDMKGJs8oyFV7qSfYyRgFFcBurM1otSm%2B5zOAoC%2FT1wOWLVYzwSUnyAjcOl%2BtMRWZXZGHBiY2YAIc7qWeufOECPmzSuQ7sb3MbzwHq9y9S2osHsyXfY8MVAXOhRxomf2TQu4fSbzjClq7Vm%2BIMiBlrxesfkD0yWip55kZYwyS5k4x%2BN6FjQLC%2Fa0MjT1BPBWgTwjEB275F51Z2Z1gt%2BhCs9R%2F
2024-11-29,林允滑雪妆,20.6万,/l?e=e61dfxpqDENkS60YLuC9eccXk48otjqulN9VwTHkf7hpCat9%2BLZtxM3PZ2CBqkzjJ5xgFRlyBjR8p7kVLw7CT%2BrfzlegfWEZVL0P8PzEpYpXBx%2BWyC%2FesR%2FjcmxGw2cJOqpCOIIuLK%2FCfNS%2FFZvXneXSGMC9UQ%2Fi%2B11e8XnowtdTdTkcPMVHPDA874KBI2ht81OUXo63%2FMWwD%2B31728Zv0QFv3nfRX1zxswojxZiObwt
2024-11-29,侵华日军日记曝光南京大屠杀新证,124.5万阅读 | @扬子晚报,/l?e=4ea87Wf6jJznRG8rkJLTSAaEVMLMj5QfB7LFkaMPKIWKRQ6LWHxL5LNlUSydyBioKINEbo24FMWRDUEAvosCrI26yx9%2FHfeHFllFImdxFrqNjxp7MOGqOElAwKdbfQcfUnTWQqNoyKXI%2Fnpo%2Fqnq7RWO%2FLOecvbU3tYfVQzbpIjDDwM9yyzKvn8aUSrFRk2eeCcADO%2FKFgOOwgAbudWOxYe2BR18k%2FnItZV7tN4r8tE3RTLvCYZ1E%2F3l2dcUWj2lEfeGEYRAOqSfKURFOycHUkitwlPFwNdm%2BPsatLr%2BJmHT0WnG7B1VZwALAOeyP3bWMKoGShRTXZfbf8QaSBhC4GrKPGN20QEjUXSrVhP4W4mrVuurMPSKBSi7XdzIyf59tnozi%2FsiGKedcdPTf2jQbMGBT3qz6WE4KYvgrf%2Bu6fvxWrhOKHjK
2024-11-29,国产剧奇葩婆婆又出新款了,剧集 133301,/l?e=a136kUnQK58l%2B3Z94ZJvQsoJTDdbBI27cNoO1rOcq3w0eub4b%2B9WOHQFu%2FqhpZPIibn62E7dKDiKgeG4CejDlqUttjzYVFWvy2MQsyMr3I%2FSoUYu1DTYW35m3wX5LjEAQiwys4ap%2F25VtYDqCn1Cob90ei%2FZcGeEmjomvBromskaPXJ0tKdp0gc3EjKwAzuhe0Q5WiXxnW2bkNxmFxmS7CjWjoFueUetRzDAomLQlHEZI3s%2BMyih0lq2yHK7r1xw27DoaPEUe%2BHq6nAt9KtfUQM1I68liGp7pPARf1GsxFM38xrFNlA5o9YNTix%2BKTMu6GRScNGD4%2BYmf6irdvPHx%2B99%2BgtsNL8IjEY%2BiAXeQ%2B9BFoah7AG2TPwt
2024-11-29,为什么刑侦剧多在东北拍,16.9万,/l?e=9f1dO8%2BlBuE4nEk5rlOqcKkJTEQYZJK6bz1EPkYUeGGVLKZgGq4vhUYvcJ%2BL7urmCiNaBm5oO20Kx1%2BLyTaP3zCMoEIzWNP6DGJps1%2BLsRChsTfSRSwH5svg8Ya%2BZmCfOyD1%2FjrjEb10ZcxKZTVsOxVbohlwqwIynKpd6I55GGT0tPF9ooZd5ErgC6ktcZhlJeTacZ0MjrCAQ2dkUuLMKDH3Ned2twp4wcQjtKApXJ1S7%2B7L3Ci%2B2HNxYX15ghpvQpxLJqYJ29GYK%2F6aclOpWAyf63n%2BbIj8SXNJ8G%2FAsWtlDhTzM1d6cpbZE3rLciHng2g16AkoIsrAx4AwBwny3XGOy2hbKh7jZ5nO
2024-11-29,周密把周芯竹买话筒的钱转给她了,20.9万,/l?e=ba9ePIb0cypHre8z5MM7XTduycsTiSQbSMVjKIq9P68kFBU8RVbhMlcG64dkTD%2FMXgc17xDgwpTbyKELaOiset7HPvXdB34lGTjopFskNbKBpkvn4llixoR2fRD6eSPDzp7MhfZP%2B2t4BeyeFb1EEm74xGetnKzPjCeqpsHoSaYvJbZsmqcPxwSyYTiXnxyBMt0uRUdLjeQfj%2BfGI8XN6wrfDCLeAaPhGvNKg5qpGdCdnoE2dXGYEkEMJ3aBhmVb6TvOh6CSgHz8LBbLxkmxpe2HC5e8HyQMrX%2BQJiCdO%2FGZoxxh13kW5xOKbxfCJQfXvrPhD5kO9MluMft%2FbieidLcRGIlkYW%2FvhsoU5l85mNkZnmmqpydE2RnttOi9ZVqn5%2BpIq%2Bk0teEYsNlFOKglArqDi3rJNocnetSUBUzXSD%2B2VBNrn%2BAu
2024-11-29,贺峻霖一路繁花数箱子,综艺 132683,/l?e=c1242A9NIDTX76l8rygBxrGhjt7InlBz3tcOAOw%2BsBL74YU3xn7LtpwDNsx4hF0pcdLOtlswZLi8FQenHSp2sASd8Bkw9k%2F6UfbrQQN%2BSO7QzlX%2FnWm6Et301bu2e6qk0mvbpZf5Eb6tHpVQDike6qCAhGpUPEmD8uZ4pVJCCJjNgGnsnV4pYXSizFxB7gjC5LSel3BDUBUUvJhJgeVa4ZpqSQwVFUBfjtPkxgjsGZ%2BWPM3aNj3PzYqyW3ta%2FejEf4Ld0qplwS6JEC9fIOG7p8CDqihJJBXNT8q27Rf6817dpXzkqckVraH1uFguxCdg5gzoxu8IN1ytK3ki
2024-11-29,女子在中医诊所遭性侵医生被刑拘,18.8万,/l?e=80bcHbBU2hThjkZb9oD6pUpjQHENp5Yh2S7GVxX3NGTKVrVEu9UbDHOlE3WzThV%2BjAv15r18k1yI5hkSj89DII3xmRThWqcLCUjn2L3CYwNDlpcQ7rX8QTwL%2FpxQcmjVfuFzzs77thvtufn3oaitgdBXE5vmFwkm6wI%2BNkkAYur7WzhkLmJ%2FwrhVHfZO51Lnka3vctazcVntgvBwInEkRGj4iHZfMmUatB5KyIjahzyfRAEScXVEuNw50kgRAI%2FAOYvy%2FBF%2BWephSBgWHMXm4yKNon6amsyeoPXmLVjIb4nJFi8WGMl4HAzQVbJxAhFjxcTYAV56gG3jj6ab51m%2Bnk0cuOMMP8wH16R%2BNdAeUec0rpRbSVejoG49%2BTYnzs%2BjpWDx3L1zzqN%2B3mEJfX%2FYnyt3dnt5SdvVOPGKZdcx5usWHahCeupA
2024-11-29,印政府还在用被封杀4年的中国APP,306.0万阅读 | @观察者网,/l?e=b2352%2FM23gLbJsTjBTwApvSX5WaqWU%2BsEx5EFIPSMvSaBt9WPGQjupV%2FMRzdM79KnCE8Qje1XsjYfJuukqTkjxklRZ3z3zxfJR6h3ecPDtK5KwcD%2FwdhhlhwtFjiwkd8MfSbCnfo8lPZB66ch3td%2B%2Bx5GPiZZzSGvFq%2BBFLIUSna4u0884CxPSNmG208rcCuY6%2Bdx1oSeXM51L0BZ30QcxAsNMoQa6C5%2FkUmKvET4OJQ9heiiOecy7krMDJI62zr0s1ObnpdQievaaK55XAMP16079twDTyIYxVG2yAn%2BXlxCDI%2BGpLJrRHDXAFIlaJp%2FHJk86JkWk9I6G3DWSKjmwKr0VrIqeDTHUYm1tz2ef4AleAK%2B7TkqiBDsge4bbPZrBQy0zK%2Fe7600eIDuA
2024-11-29,韩安冉称do脸模板是赵露思,76.2万,/l?e=2ff2Evy%2B5W8Uvd0b8miR7iHnFpMKWf4CdiJ3ohLjKc3eosm0xwgm2R1yULK%2FQFGnHnnhLh2T9bmsV8bLay%2FzYDIQFw3ZlYpXpg7tUGz2n4R1wu8hn3fi9fICjfHpreO29pxUiRySmw4Xo17HZKO8Qey5mEFEwD8uTEbjFWJCDFp0%2BXwUK0zPCMpsDFTsXhuSY5eRwH87Z6Wv0hRCDImU0CT%2BFt6eBvpH%2FhclORn126kCjn9wgpaUOIlgIXf9UsZQvmNzLHZhI9W%2BuX%2F4PdRCOGCiUeWzr%2ByoQR93uWk%2BuI7%2BD0Of8g8toOT0N2Aop2oHfAboPE9RVL2X120o8veVVxOW52L7hY%2BFcdJQE5c
2024-11-29,王曼昱助力亚冬会,28.0万,/l?e=2de7UREVFTiSWP6jfMnSTPjCN2Qxzt%2FD5bZm6Ga6MhaC3QA%2BszArklDue%2B6vU%2BLaFqqFM4sHCU0IIuzPi41UoM5n83XkG492%2B9mFZfvU9fn8Nu01%2Bg5TKldrXhQNY2mLEaRmh6gGMpuAyC83hYF9omxybQZ1dR8ErTramQJ1RE5C%2BaY0mhUte2znLUGCVogWCaYlqIc11ovrobyQBBy7luJEsW%2F%2BefYdqEqEy81sEGwfkyxGhYtx0eJAwqARJfPlJu15gY9KfXp49VV8So2LPqz4mR%2BHe94WzxhPg6fU
2024-11-29,小鬼拍到本智性恋心趴上了,29.7万,/l?e=51337fsPf%2BJV9DPMzSg7mR%2BMESG%2BpwyGQJQo2Ia9laPYIpQwGe4XqP%2F1ucAev617zYg6GrsJdtSkW8fL8EH1Gs63PJBReMVughoydZQWMa5SYlLN5o%2B1cyZFUJBepAHDzlBkEwbVttDuvAMoeI5n7TsnufsBKgpW9pRW0076gIuQBcWCLkQH4j2HDwnEke1lwLz0%2BqyPSi2OUgV4e9qn%2F06%2B0yJ4eRwP43NAsfIky%2Fow8r2P4qHd%2B4n7QmiE2Ln0QCJlnj0wKyyxlpCxqy28WNeeLgf4Nz7UgzTkRwGnXWNclgf%2FM2MP4alvw82E1bLLwS3eyXwxqorB0ZXm4iYtQ7lOaGtRHVleJa%2BAh46Lm4gjI1yM4puRixSI
2024-11-29,外交部回应优衣库不用新疆棉,1388.1万阅读 | @国是直通车,/l?e=cba2%2BvPDEXe6M85ciHhsuRqf3iKL3cXZP05PpWcTFWHnHgSjNmFl%2FFXtkl%2FvGI3tw8A2CpLWr3CILgX5jq0unUfMHfoblC9kW8DEe5wH5vlbXetxY5he28MrmkapnHTfTot940IhNFwOJjBtt7A%2FzwIB3aLvIp7WmumA3aib94IWgmmQqfAY%2FbTQ8uk8r2EUzYjNO%2BP%2BW7S4H7iJo4VMyXoLRErgw6uUe9m%2BASayuxBQgFFjRy8iBwiMbMRZ%2Bkajp66dlBJwL8B3mZ%2FGqrnOH3mge6KQOiSafr6xyjtaV%2Baouc%2B3iO6OPZeY67heOE0NRfCpFwcANHPmpGMGLgu2fWDAReu%2FSuhT0j6jt%2BHJwrpVQweNqOI8Ee68dDh1UKlb4qnKzet19jtu
2024-11-29,李昊 活在我MP3里的歌手,11.8万,/l?e=4e0e%2F0gNowu%2Fpjv4IzRxCv3XodwWDXW4z42VtZQIZKGSZVBekTC8CCiZT9%2B0pw3saOwU2iKKh9cj0Vq1cNtCMRmIudEEKN4Up%2FdDhDl1jOV3qzXu%2BvIrcKNVAUXzkgaL1ijXR%2B%2BYOQQwHzkOQQec0xQRgkRrHsVGDTprinndQTrWk%2B6NrThxhCdfwLPJbZneKNl6lCdICCYrqjfBJd5%2B3y7MDbO4ZweMhOgz1G3ePTT4r7RKZl3s2niX6TGBrwoLaH4M%2BD2ctq9rUa8Ol55XLpY79a7GuzscPUETWMRx6hXl3gq0hTpfakWC2eBD3GHVxLis
2024-11-29,导致胃癌的6个高危因素,2463.4万阅读 | @人民日报,/l?e=5ce1aDBJaMWAbS83rGgoXcFpl%2BpEPA4QtkCEwrnc3%2BMWPzTml3jqMu7kZfRT53vAtrvdO7X%2FWXaBcsPsRixZUW3SzwZ4I%2BNp7HkCzR19M1TjbioU4BKvhJHqhnygTiFSUVEZvAF3up2XRleXiEl1S5YvFM31cO7w74kKE9OXa79%2BYGn2fH4x1IFyF0MMtTIiMXd8V3Ck6X72l2H%2F4J4eAR46VI727sJzjMKlZ4QrjwBGMqN5CCpDl6cw74g4FuWWHZB3xkl5W%2Fa9vljda8W%2BIZRvYLGvFK17Bl%2FNX%2B9rfqzI2BQfLTln9ssQj88sdcd39QiAFq3XndKsfLafAQ
2024-11-29,扎根中国大地赓续中华文脉厚植学术根基,,/l?e=8c29HlZ3eTYQ%2BSyUKVOyGsOT%2Bd8vx9BKtGCUb3scxNgTey2I%2F2Dqevd%2BFnWvBNMRzvR7BW%2BF2kvF2azZsEOVslicQfBcjmUIaEGy4D3KRIjElKUcwvgNpIfojSvMmvRxsztZlVbRj27y7%2FcGztl8gtZfyp5FGMOpa5vA22LjmxQsaFA4UjkMBz051Miuyfe2Xd5VDiI5oI5BsqDbf3FQR963vpDacW6jBS7ugvmIVEWaGfpoxdlecXPamHyQJtVqw8BcS0EWJPZE%2BQwYnWvOQHoLQBBIj5f5kjAE2y7kGOSDo5jz98iUy9X4z8kV%2B5eiTK1Q2ilYTySf6iys9oqTDytkSBb4AXoH%2FdCqLqZMyXQga%2F%2FNB5I1KyKqtu6ql0aXM17Mr7bHqnu1kZfHMVmMgSKRIUoDSp2oMQoSSM2rrw6UdryGaiKIriw8lYkGsXbW2SNbkvk7gGQ3uW3EOOIpWOeHX4DTH3P1fTyPL2D43Hm7s3BN
2024-11-29,猎捕野猪为什么这么难,201.1万阅读 | @新京报,/l?e=5edfdyyxuitm8ZiIbjIGfRSNrKSr0Z5NpnNbww85pgLyQBd8NjC0IQHs32yx%2FYQCCUK2rNAZUDhcINZA7V9mA8%2FiOTAz1C90jP9jovDoyM3JwsvAIcYgWe5KK2dF6VUuPBtBi8bsDgt8ZhpCxMMW7EcXA7qYTwCDdy3E%2FJMseNtpdOPbzM7DBFIze5F0H16J7UoDPeVPTkwblqqkspzslK7XaoSK7OVE6jU0JGYQsiBN01sxWtjjPQu5WPwziLd6bm3RBzmy0Iy6KCCNerJO1QHdrVdoSRuTcl%2FquS6kghba4k17285VLpWz8xICc3C%2BMYkMK8ycm5zr%2FF1E
2024-11-29,人民网评白夜破晓,31.4万,/l?e=ae36Jt9pTkBas70LFjQdWzm1jbpKV1IPhqzWBzLD3%2BvvZt%2B1kIWCn1thLb%2FGwThogFYczg4YajGSI%2BXnQbDrwpWD8pOE%2FNY7iMx6NdVyk0IhMIsqn5stPSiJWYVj1cxDpqnxxoIws07%2F6FqnBaEpdNw2w7OoX3FB%2FNfHGHr5nAvhWCf4rB2u65TabzYYTujM1VyPgzFB7m4KyUqbIlyKAtp5q%2BD5X7PzLuc%2Fb8a6Yn5u%2F8exwn2Qrqr7Pg3etskQ2Gntwu2vnNG8%2FE9hekUP4NTKNEik36ZX4EmmCJ%2BT
2024-11-29,春晚官博回复檀健次春晚相关,晚会 888700,/l?e=3b6e7oqDrGbD4BTe%2Fc6kXVzeX%2BkcRg%2B2q8afHVCr33TC8IeWOi0DwHtjyUxeG3hwDLkXUL2v25Ow%2BceTkPtJBewNgicE25nuCveCKMgkKPkia%2FSnzeQwv2fXXt825Y5ThWCCsRJXV6rTc8IB0HIVjplVeNsc5fkUvKlaslwp9wWn0rbFnrro%2FquVNmjvzkUuS57ihz2VkJCVJrNvc9Y5Oit8LxSLYeKPt7ycTRcWvUlBmggRJjvLG8ptI2WJgqeZzcbP6saxDa88pgZfmT1vsKvUpNukdrCVz2Aah4fBlFbe8v0DtFXZsHVqL%2Btv%2B2JyBqw0XxcbJCDKjuSFimXH3WMXUew3tdPVlNF08b6nK%2Becon3q2BVNHyqbbSdsHGE5fMgJtlgt%2B%2FPG
2024-11-29,悬疑片的反转应该这么拍,24.3万,/l?e=ac0cuikTbeB3ge7hlXH67NdYs0jNksVcy2BtydP1XQFvwRT3PMKVyY7az2PC8R8d89fc0rpi7Y8829hHvtiVUhnlnEGAg88on3KzcSgETCTHmBXndI9TiTOzJ2tG9XNm%2FtkJHaMkyQQbeVrDnndaxOVeHPxcaQOhh20viGkX6M6L8V3Hm6q7DrS54EcmK3P2PJTS42VsI4IQiRb31a1lUpjtNmvlVT2FqTzJ43M0CJ3qHd%2B%2FMpAxu2YgbgfSzAuD6Mz25wVFwMWmLpN7W9T5W5C%2FIuE71Qv1SoEamGfdUiGDIPd2wngzd0RQBY4VCMrdbFBsP6soeZi%2FWwAtGEJ0AsxsV%2BQw67QlN%2FmW
2024-11-29,Baolan晒传奇杯四强队长合照,21.8万,/l?e=5a59obca4TDrQ4jOhu8x%2BxjDZJ2llFx2vPVUbLzrmjjlDlOW1gRyZDxxFTS9c%2F1pzu1SMRvX%2FLZDwl8uFkIP7Bzp7beCh8eM92d4Q5LeHBuqfmnfJQOvCrt41pgsiWSpkNp%2BxHDm3sWF0A4Gtj7v7AiQ4GTsK9h%2F%2FtpXp9EKcnSB9wW6L%2FuI4Lk9FwPu0yY3gmFS0AYS1KS9daaRiJf15PdJL%2BeC5ZgbkgMNTP8seigOobT6wcMzUzULR7%2FediiNYkuhsLwyn1Ow2pfIxlXD%2FEn0FHC%2BPJfA7fgwSzVRMc%2B%2FRVZ7z1al3Kg4ytELb0ALFkBxdM2Rh3lHPL%2FO8BrQXw%2BH
2024-11-29,小鬼王琳凯风尚志十一月music刊封面,13.5万,/l?e=adf2nnnAUik9QZ5HdeGqeuOr2Ldl7joe0e4rPh3xjiSsxdU%2FkkjnYHxH6Ft0yQQa9f6LIzUXgtQOLQ9p9X9Vh74b4pFkD36RDoC7jEisKnpziq2Ez8mEn9okpc9EgZ4gqxcDvr846eh7vnAis9Ww5Rg%2FmM9CRVl5oqoyY5HinQSeWK4zy9KMW6Iy0oMqgc1heoofCDbqGEuEtwreAxikvgvhDQLEj4xZwiUgDCC41jZxgjIvjHLtlewz%2Fj14NohiDHjFgBsLOUq4pSoSVJg8Ps8ld9ZNsyOhQJUyE64SDGUC01%2Flm4oDwHRGtFZd58CNaB%2FYA0Qg0sXlU4O7uK0VzCTwzTW%2BUlluU7mFKTcG32%2FPnRt1YizI9CKScxdBBJQSE1Wi1e59y49LsocrOH1QRqTueB4v9JyPrKY%2BGLA
2024-11-29,金玟庭演唱玉氏夫人传OST,16.6万,/l?e=7402CUJZFMJNtJmNEzFUIAyu0klVEVqpiER3sWAf9Bi4btiPQeZq2ECAu1hUh17g0R2j410ap54kDWifBxRQ0Db6ExIhCrtLbGedR1pbe9Ir6W7qfgyn8kORdpTGM9AbvfqXBmaW%2FhS%2BeXaU4JBOMILraidmH21YKBkTkkcQsSL8oR%2FWsyXtIdL5EBWGQNVHV0EPoFPziP4bmZnKkb96nlbR3ZF8CKa6XDvxapsaIuRAQ1J3aNVDcEGOn6KHZx%2FYiAh%2FEQ%2BRgKqbLRAVNfTm1ggh%2F1vP6h1YK8Rokq%2BbZgWRkUbaueQlh1Xeb2UZiB44FjDp62Vh8gobtHYWX5Xn
2024-11-29,打游戏一直稳是什么体验,22.1万,/l?e=7ed6I8DQ1njhY%2Bb5MnR9%2FKl4QvRtkXOkkroELAj0F1Arxd5ffmIiXE6CObbo1IqX7oNCxUyVT0SinlZnCQpFGsWwKNyibIupbz%2BFhC8p%2B%2F6qZMku5An%2BX1d96k9hhStMpE1ls0b1U4g5eSDKRIJ5Vt345bec79Jx2IuQugYMqOqn0uA8Zz2Ckk7eW7rUJoZ0C14S8xxQr7ZRY51ViNOYhT2vsigUGXs%2FJh8beiSTyp0SVbM7vOyBdBvgoK%2F5ZfKQhXTlCyTYm6%2FTDogDusfGW%2F%2Foyp%2F9LNQwqTuyw4Br5ai7U%2FdGGzi%2FFlLDxJtkxLY1e7iWXBq%2BWFIe%2FjPTlY1FApjvYyFpN2dXqqOi
2024-11-29,儿媳控告公婆未经允许在客厅安监控,281.2万阅读 | @大参考,/l?e=507eTdjd7AWaCO9esmg%2Bhv78RSIPnpTeppSLV5PhCnFFHIEapCKDc7wlXqCjlNcB0i58BflU3LbtfmCIwj23OzOM9ko6%2BXL4cgou77DbnC0qBg1VEiStKHM%2BFKc4%2BMC7GG%2FOOsLn2XnEVZzZWcjUYw3aHHM4wFamj3ticGSJBlMb9D8VBet6l7PeyoEjlSkPzI%2F092sQVCWuepAUi%2FFFjKmlfvRQ3zAjuygzDyZHQV2Cf5k3xng6iu6I3K21wq5DmyUEvjFu6zT1vN0c9wCHlDi9vjsZ3nwGmE6kbxheYvb58GoZB%2BX73aOHonbPgmrd9wb5K%2FQklPCgAsHlq1ZWQpQYr%2F3ETjb%2BVS1KVGhI%2FT4Wc%2Fo0spvXUrsaUzCi1HWHqbInfEBeZ1yZkLOg2B7m1a%2B2zt4%2F5fd5%2BNBzNpjOlxc4png40vNpzQDqAVTVl6Ci8%2BG9pPHf
2024-11-29,蛇年春晚标识有什么寓意,700.0万阅读 | @央视网,/l?e=de3bmF3boRhwd6MY19UFag%2Blp14z5mrGPGyLc2i0fzWo0tEMwEP83ImJGpi%2BJ%2B%2BI%2FCFjmVKT%2FuzTeLHPfVRh5ZBfLlBF%2BL7sJY77D4d4vCmIQGWNSKQxMCxFo7u9VaqdOPbEqxacHJigk%2BrOmnKMrypWnVwtETGNnM61hsSN0H1m0RJ0bg4l9anAB1hBmPzqTUE6JmFYYRXR0MapNkQEhRUUzpi54tJjWKLemsPbgaXIVyM8UbzLupzYB88PXV%2BTnJ54%2F3NslJE1WHjvM1dTSmR6K4u2ng190%2FW8wDyky%2FceGsgNcH8lRXeT5yAVPg12Q6WIZqRxnyvMM9Nlw6U2YyHZDW6g0vPbzgQk
2024-11-29,贺峻霖求旅行攻略,综艺 207666,/l?e=c1b7wc76O9cFdH4iyXQMDGy2te%2FBlH4kU0rSiDb6NryLsF%2FEM6dnELZ0D%2BEu2gGVFyHoVJi9u2gTrbdiLnvGK3UNhbylFKsNJtSIg5y0yi424N9BazbjInj9EVFoN5Oj3fXgJB6YpPKdc0yAyDanp5iQIo2N6GBtp8vGo6BEGLk%2BzMokBCa0LILH6dS6wdVpJIZVMax1oVef0DzL6sWF6FNvAW5dlGonJEi4znDbTv4l94%2Fvh78LVGqmRFtI2rAywiSd%2FcQdy2jP%2BbYOuGeTq7s1szNiBiNgYaO25rjF
2024-11-29,一降温就流感的体质怎么破,23.5万,/l?e=992cAoaTH%2FRQ3CdD7xmWUDNGZ3vmvyfAXWFGf5ky0tBaKuE144nqWnBg9CuVqBT1A8Xm%2B%2FpdAB3TfZ1nTLvemb%2B7l5ol7FHrzREVqu2PC6Izgsu62dJVdVbvHaMPaZwrX7j3WElHsinXEwmVS6%2B0VbPElP7AA9SXTDGVoBZDposbeVJ5LaRslAuYVptFAy37sGMS2ZhGWO7Y2Bz8rJCpJvZtRZ9P9d3F7N10WivKywPzFzZgL7YZb2w7hTGwac%2FeAyVsNZnZhrJ0oxkgw6VAQikDfDxLaGxSoYvRgmKeew7j5bpVKZ%2F4hySJredPZT4CNrunMkS29bM9L1XEOcqOsxYSrYzjBxS%2BMoJjtclgY2BAbZkbNMiPk7V7
2024-11-29,黑西装是杨洋的统治区,13.8万,/l?e=393689odtSdAGOhyb%2BMsfDANNqu1bcuKJKzF4AxHhsLHLbah%2BuftAyQsmOvc4Waa2CzyH8ZNjJJe1fwRRr3Kiy%2Fp9%2FxUs2W5Akbq0l%2BBZbKFAD9eDdsqGI0FFLt2wLrioVPuT5S%2BT7dfO1nH%2FGPy7B57XKD7ij5%2Be08hupOxaXs8Xnw%2FQlTX%2FGnXFPJNXJBewNVoGVCLeFR0Q9QLL7k1014LSe2mjDu9adYdVsMMcXm0o9xIM6Ggc8eZR1KYe%2FiAa8FO%2BzNuUn%2FEfv0ltqbj%2BOOiSuXkClxwB6zSLBDQ7OJJoxIVZvh2txbfsf1preM0inmT4oNjwYwq0UyQ
2024-11-29,郑思维拥有7个世界冠军头衔,16.2万,/l?e=e945QKlZy52fQmaH3V0yIVtUqSdtD8Hqk%2FTOmcWuSz92WW00OSfksyDmCeVdKbDRitZ9IgwEHr9LEaL9EZA5XB2hxvZYsacsCQjTMzK1D40MzwdSdRneUu4PBVacVj%2BxiodU13ZZCO%2BJh3xmndd0BoxeByN4aGlSNePnchtbdTQWu7CzgIfIp5538D8QMARpeFHFbvq1hmN7utDgtoGSlsEsBkv6glHDlaEbNR3S4iIa4E55mtsD40G3qqJNz46%2BrwkTyVFlL78MLhDRb3uS1VXXZM0usufmhAS33vA3o06vNeNd%2FGnGoaFcc7VXRSKLAmvSSMCOG6Gv%2BwSSZtpFNFt4yIog6ZsvuezknjTKHHnhZOjOWBNYKpvIAQ
2024-11-29,中俄第9次联合空中战略巡航,12.2万,/l?e=4bc2rwloXDV5vq5IDBAQkbLRO63Mt0nyRFCi10AdpVYVyMmJsi5GokUF0SmxiuloNPSOWrerSlluxXKZbXs9qyJlo4%2B7O9Xquf1%2F2y3LJfpL6Y5T8cMgQXdGWwWvxiyBz4Uj1%2F9vsI1qlO0XurS%2FSumqHwJZxeUNgmncMUbXtWvkN9LVT5rY5MsR%2FGMoGW8I8u0uKLlWKpdiENqzXZZ4GdT%2FkG8p6Yr7vDzdDetMY5VlDN3ae6QZehypn3vbCaGxggC7rIA7jZe5Oy07%2F1aI8EdsRhV4SETpid6v95RxS7vr20eI3lqQkmP13julnoQzn3A7AQp0rMZjIC4hCov%2BqxtOBz%2FmMarqzBUTU3FkQMxd3KUYKjAjYAt%2B7Q
2024-11-29,王勉 现在是个综艺咖,综艺 111890,/l?e=89abSz8WjN6bI9swWFWBoyb04hRzChO6OLNMUAfV7zDHsUHJr2LVIHzBHXU7%2FruCD83acvn5C9V6V8eWMwwSOVjirSYu8G5qREkhucO0sfwGn%2Flwq2gimx7gNQ4arlbMEczEOXNvsFi%2Bw4wR%2Bo3s5eYnqsyPWCOfUXdNKu7F5%2BT9jzYvfXo1s10IPh3uVhF8AV9nn9Hul8Gm5hz8dBTll3YRwGY18JWfAJOZRnjyd6D14JA4DRoW6LoNl8XNSwhnxw9JjSVaKllX%2FzHdmwidd%2BRdmyDUcW332e8OfsL3N%2FfUAdWvPUh%2BIX5QX4i%2FrJ9u
2024-11-29,官方公布冷藏车厢内8人窒息死亡详情,401.5万阅读 | @新闻晨报,/l?e=b6eeByh7lhRE%2BYOXkRUzu%2B%2FYzAM1RfUXlyegO8nA%2BdFwwlUWLIcoQemLSX%2BsCVO125JQDhdyzCqOBoZwQzeuFn16kynb4SsB%2F0NGFridy393zwC2r%2F2QoXhVdzR1GTCPf6a9oGLnpb6YhTzCAdzemICY6TPId%2BYokrna%2BS5AB%2FMfOxsBshaS6gLo2Mmvw2F9ecBLVY5Dcjsp0IXVF%2BYcelKxf9a23A3WTEh%2FHDyAUxLSEiKSN5XzYo%2Fty5Nn9hmasVmMp6AnpYJYcwMJx6e%2Fj%2FuzOMkvIJN3tgUo7yW3aGDukgOXz62F537C7RiT5GtAz8XS5VTRoVlwErobtUzcyqhq6Iwm%2BwTEV0UkworP1gXiIDT4ok7kDj0%2BInk4RhV0STr46F63JdLeDDIAsbPBnm5U88cAW1dfTWOgjFIGTsLBBlZH9YQdSCCv6IXAvZSLpK69PpmZwQ
2024-11-29,欢迎进入中女造饼时代,12.6万,/l?e=2682ahL4zqv1d2ftfr0thD6RC%2FDHtaWBir7rZcZjpK6lc305x175YzYQCCi1wriCqEY1jzrAk%2FlDLceAgblX1AYTT228kA95rK8HyVi%2FqUAj0RfIoL8M9HmKfEmUbmFe%2BqQZbPWEZ15hPJf7bCo%2Bc5xN1X7g3CdIuMYhr1yTqcPwJ9maDgSgYjMwyK4aZf2%2BCZ4X6PAmXnjKpJq3YvgGEuUZfSpFueMmnyNRAfkLGN1A4YYjqwzd8ON%2BquOswcuaTZZv0lNeBM0vDLvTn2YLUgeyatIis1lkFKsrPshzLdjDrtOp2RcJGVCVeZBp0aH3syjBKkRp5xXBWcSV
2024-11-29,中国游客在马尔代夫潜水遭鲨鱼咬头,21.5万,/l?e=d64csK5vzBJeWHAvfm8FdBzCzRiDvgyxpcKca48x4x%2FGpM%2B1Z6oCi7zkhVAyDbq%2FstlmF2q5yi7WJAgd66Sit1KYKZ1nqF3iA3ejXI3vi4HzeVwpD0Q%2BEoM1fuAW2y07HvI4R85L%2BBEcwowHVotl2y63jHh2HFXs5Nfd5piM8RDX2ami9E7ioRjKLPbCy9ld7uQ9Btf%2FLBoVeTOD1lZEAyrJbZfJi7xlgeaMO1yJKdlOGqLGXX2U2QQAj8noEjIR2liacgyntKbO6w%2FYaWQStsbsa6T44fzSZIJqdvY%2BvBUhRAo6seGnsBKiSO6VuzfOBCBbfU8GlUe%2BZF74Vp%2BPy6edkO%2FRSioFBa7thZ0tuwFhCm91nMk1zBWclM%2Bhehi5wbHT%2BLCDD5%2Bg%2FHJqQND4Dadzvdj6phFYX9mmqDK3jWctXgXYgSv29qX48SIXMAD%2FC3e6HrwZ
2024-11-29,侵华日军日记描述南京尸体如山,455.0万阅读 | @央视新闻,/l?e=58eaUo9d2qHvD2495VdP%2BWoUjYpwNQCVA56nuBv609teig09vkP8U316YLnjH0yn3R8JNftaTU5ekrZaTq0SxkIO1Yhtkuhx6%2FFaLTzZljKWSaZNuVwycHrmIaPNlEd8Z%2BF8QQT85so5GMp0DpMNgObKyMKWC%2FV1d%2BZwgeL38gko6QfDG6ngcchYXiUGhezifmqLsKrDbZCFQ786TjDDdXmHsrRnwn%2BZHvTAtF26DPx88WSEaIpZlGxmSIqDzjOIiWt%2BgmDLX1P873LzbfgCmIn3rQAKnphR2yJ8QptfFmsHt%2BoQn4qQNfr85sx8MX15i1MEf9wUQ0vTdtVFy8DMRGycoArkuMO%2BFlowoOJJ8CEgTFHO5yGMy8kLVp%2F2WbyIyVt94e0D5Ip1jwhB9Ytu6iVLBuY4mFz9
2024-11-29,古巨基钻石败犬live首秀,演出 134988,/l?e=492d%2BFrbVDO4gQWdRsHn9hfy4ZLRv0Ee%2FfQeDt4DKwM5E7mR2qoNniSXd%2FL2soVREX6fzkc0dhO069t0ufGSMNO9rm49DqjrRE5Xrlv9Uj3Y64rezyJfh6Rt40JiuC2lhVOQK25A3AOAWgtphD0rq8lxUdA1vfPpJZiK3abgDOfBbkLajNGOA4KO3TpF00WeCUXwHhu4aPDKV45U9hqEDdHYbaEn2M5ryHAdZg1rIxyK8VP6iRV%2F2noR7Nkzz8Ryv%2BZOGxB6npTMuEDe7VGmI1SvyIXaBioo6CnpqQiyBxw8Yswqs6NwrOLX7WPBL9iNlw
2024-11-29,巴黎世家售出8天后要顾客补1147元,66.9万,/l?e=b0350mzFcyJFagj5nlNxAFlddX4MZXFtc7jDxbOfspl4lZkRihO2U2pMStY1hGsytUW4x17MbrBsJxDIOc59OgIujnEZZrYGnrfw%2FvQeD9LQ%2BWEDGXetyI%2Fc67%2FNdAPm7o5dD2%2FfRuFpjAbjiWbK4HDlmgHWh%2FN%2Ful%2B73jXlS593sjb43zy2s7w4fyfLlp9UHw6oSZn2HUJ0UAOurVZGnqisCMNsIeECg6cbUedI%2Fvy1%2F6fDPPKZxvsjvdhlhIriyeEOaJmtxpMnRjhsipuuwuvGUVCc0vhtZQmf6PvqnI%2BdQZ3h5FiWEinaaf7pJA4pxYT6ici5tl1gEK7QuvHnmAWmi%2FzAK2riHQ8b7drlj0qHAd6e50hVphn7%2FyHNOc%2FD0jbP4u1ZB2ScLBx%2F3GU
2024-11-29,虞书欣丁禹兮意林少年版,剧集 137691,/l?e=7ecby%2B899i6WEBjsiYtjIBn6aE8615LCT2HMxVEVfnc0nAwfJO5B0OMJGdYLKp0%2FFPb2EDkc4G04yF5hieqVlpicJYjzJ6E5u5dkB8UyclFeEvWd8Vq0NlrXFwoCjtjPrLYdja50M9My8h7B8%2FLY1ReW2RbMkA6rvYPBrhDxM0vOyqCW111%2BttHNo1IEjw%2FJTpS8GDpa4vL3ZkIRiutUYolb2BkvyRwXhEKsjPIbb%2FlHgMo1IO82YIQFxDnC1PoMBgbo%2F%2FLnkLNVVpoHaKmmdWaA41oGBO3f2cvtq5SJNsVVVcugLWudH6phWx0EMfMMPO7QLru2Tig%2Fi6VzjZKI9MpcErcw2wGfjkBw
2024-11-29,TES官宣Meiko离队,12.9万,/l?e=0950EBcIkqpy1ReZ78ryKv6JNxBHCL3kPpVlFG511D2hczSfHFIoqeC5V9DYzPjVTq66yy2tdCl44BrMnnD8OKsLvA9D7bFt%2FVad4LkrKBvoDm7MZyJx5lN0dvdj3lae%2BoylSGtQbMhvY6yGmgykAE42VE8cPcSDqmqfunRjYfxcggSwEdK3KL10snXuxBtcw1XqeSdaqNxQUBUbAx%2FQJ1%2FnN8E5BOrBgwQ
2024-11-29,唐嫣灰紫发色,音乐 110851,/l?e=63f9IA%2FyvjcnQs1m%2BC0b8DDFI806P9i7V%2BcOSBpdf%2BgLV0BVQDx5p%2BuG095%2Fz%2Fd5rBZ6kb4b93gsHVGydWbJrQmsXN1FFWAKQeSF1Bat3W4%2FvSd7b2yHZu7pV8lwUq8z3PYuHQzF7lpk8kkFSmOFhUi338f9HohEpKuFXVlN8ORG%2Fxf%2BaA8%2BVVP23jYbc6VtatbQNIXcOhi6OkUwgiIwxQUTvlv1XN0otGYTq%2BM7lGG2Y0IpO0rOdlg3q6hfiizt
2024-11-29,韩国人的精致穷,40.6万,/l?e=1077ARxxeD5U8nlkDWDwYYQ6wt3Xxx73RoyG7riTOb1OK0M1EsBx7glwuNGvNMecj1xcXbtfSGEVJIZRoZlMk6EBykY49hF0y8K7euX%2FVnKoJTB8nQxJoaaZSqvgSmZlvDBvv%2F5S8MjGyncYhCzGWdB7HYnUH4yZA2AVfVQqCFUeLT7wNgD76ZxMjhB98WRmMR5dp6LVv7mpTuhadC%2B6pxYbLGgmWjKcNyEPHZicD508MsIABlBYdLTYAPUr2JhTuLlqSnUPMbvaNv02N9a4
2024-11-29,林一长沙活动取消,20.1万,/l?e=1c8a6YG0umyCRQbdwOjuTXh1R9Ous4TjmCk1Kp8ScgELHVj9RH0NsvIpXQzjn%2B16%2Bqd6%2Fw0CfwTk%2Bg4Tal3ERSV8gfc7WLRbvTWsQn9yORJ%2BiwvJbW38N0wRdhJ2Ao%2B7REjeGghuV58MlOF%2BpxLBswJtS%2FVa30s5wDjYZNlaNBSpVMVMYCNX8jY1sxvCxPqdtzrkleLuAMCySmaxEn0urfO5Jpk05os0bMIvCkaZzOfuHp0VVdlul7hrMx3wdA2MYnDcuH6vTdhONj%2FFtQJs%2BI%2FM%2FVxlfSvSUf7nSU77
2024-11-29,年轻人买的水果半数是情感商品,14.2万,/l?e=7c51HUK42XKlPmUOO1bDJg6NPYbMATHSiYNHWk4L3yy7TYFb07FyHnq2h6G1INS7N73tv%2B1KxbfJ5ATpl22hnYu5FxVzu7H1zls9r6vyPuFrf4UDpi7yxYVYIyeAd4eFiJ%2F3ZogmVE9OcGrtg%2FsLemmEQDkEFesSsFj2ZeJjEE3w5qFkEA4g7g16bAQNyHAAWaoX%2Fyeu5QUlN3nYjOy4TURIVtYyW8c5PDzj9qWiLpvnktTaEZOTZcXEC9lAW1TB6Fww8V2Bt4RAHaBGb2KzRYlFpJaD5ygpuNBa%2BpM12VKHD1wwtI7HtwKiNfU00bGwW1crlAXon2ZkQxwHAI8ufhbQqPHWCRa06WDvqtD%2BbqYlLYInkINxq%2FXsnjkfdEj7zp1b7ei1pE1iAiN9vd78r%2BknwL0pPEld
2024-11-29,林一霸王茶姬活动,13.0万,/l?e=f4fbFal2ZOsW6Wze139HGDabVs6dYb5Fb0jD5xDHqbfeG9ijDPlr2kiiJa2cGT8ucNfpCg7nNj%2FzBcvpOes%2BPdei29PYKgKWgEGhZbax9S6WPIvzFq0trXcC80qyFnWC6wzkViK%2Bg%2BsImt9sgkAnc5VbrrEt5AGSqmmYS4fUSTOgx2ZUzOx023ZNvaOyBk31tEJIJQ4lJiOljXfkxdxU35AqAGqAyp2lmK64GOdvVhZclR%2FjkAM0zjDDX%2F5T0phVfSFaDbpT0uYyZaHQBSgJipnayWeaFfEOYWlQ%2Bfu2
2024-11-29,侯明昊无处安放的手,11.7万,/l?e=e77dlcZ1CwBMToEB6qD6mCYmHzwXwXDSZ%2FvFpdlUn168LGdqEeNephNg4p%2FpU2Lu8cV2dEQb%2Fe%2BPAvnmUty%2Bq%2F9qsXEdDPBIxQGLPC7uutHVEcZVVbgx1J%2FEmt4ub9iTzZxVnc9uYTUQjLDNsykK%2BQ7Q4%2FgAYVBytAwhHBw5%2BOwv89kQjv%2Bl%2BueCKi%2FBTycdYbFg3ixr50XkSfZnH2EJh8eHxD3hHcVLJaJOQCsuycx1Z8K3kd9JPjLlciUbP%2B0zywPOwd3x9fOMrGXtLik8biF6CKzThyGS7WyZF2Wnwsca2Ib%2FB9Lu3tvRkTIo
2024-11-29,上海体博会真的太好逛了,12.5万,/l?e=ab70C4UeRPtX9oL2DuXSlw7bznNYBgWfR02cCInt53LCMaG69eeh43dd6JomYSvwt%2FSFpWgF%2BdkP6wa4AuUcp8NqIlnm%2BEKTrZxjk3Kz99%2BH8DXhbcwtjZ1mLOxbPpACJ8PGYJuyRGf4K6HbZTbbydX9yFRerUUYNBXfCPNi9alcLcefpBra5jMQxJ9P%2B%2BEd1YM9PzKSVfeLcA2yhwbuYa5ao1YrdUXWCvzvBd9pl8A5r5bo7waBgdgKXLUaWGjUbR8K75ij2J4cQCGXSHgPSIhgIvRuus0i8nx29Dm345PlyWH5ZSZ02w6a73p88RmE0iVJQg%2Bs0kaiikJVK8KOtQOZBhy%2B3Oz4SJvz
2024-11-29,容祖儿心淡全场大合唱,综艺 134258,/l?e=ac86YpEhrW6TyetFUlQd99X4pEkwpgeqXJ5YFAwsZ1DsutX5JvAxA1bh3ffGGcqOzPiVvm7VfN2svF%2FKmc76ouJ1%2FYuKBMzC%2BjAzQIrNL11I7hm9vunyLkYmSbzKjKJ2gTOhqrcVoXEnb40v3YyWj9nAyKJh9s04B9Ys6etEvcPk5gkRKZ7DJvfML8uTSV7ZvN1I8Zso0mgkFshoXrVe%2BDma5ZRlg5C6CmuNktBmZxOCAy4qY%2FwH8dmxhu8hd%2BBhbmlLUjMyWiUL7h3cpUaB66PwrN6Ri26rVMTwRKJds%2FHfKzmpRH4Y6FuD%2BLrtx21OHdeaRrib0KgZ5u5%2B
2024-11-29,王源头像P了个新帽子,17.3万,/l?e=de511HA95bVXpJGWpm1gIw3Iml1jB4LYRhvkt4DSQpLxC6sNAMa9AQM%2Bhx8vqRi97P8%2F4dkRSvMK502wJaDrmuYKdc8x%2FP2fLiL%2FRAXeCi0vikQ4R%2BRp4PR2xJC6I2lnTYuYY%2B%2FeYtQbkglFcTQ5upV9T%2Bkb5U1ZUFL0mzqXszlWpC%2FLiXpSCJOFjFZJAYxF%2FGNz%2BPNyZa5lEX1taE474j3O4L%2B5BP3lT%2BqD7uHm3L4PcOOEBt1wZyIGkQrw59avzmFC8uuI6axReJprZVXxClPkbwjyV%2Bri6fTW87HxWvPVg%2FedVH3T9wqTZijxgg
2024-11-29,再见爱人4第七期视频没了,综艺 334653,/l?e=5eb67v6k7Ds6Ve4M9aq%2BKw%2F3mRfHoFVbfinkym2MGzeT5ljxLo%2FkGNHrYslUaGRm9V9uxyxIYd5376Vv80rSibOhimdEdUfYRg8VCyh5wRWzZnQmN0Fl%2BK4KGANufVziJq4%2FqEIRq1fcUhPuYKFvZ6fNygYp0io9SuntBFquO9iBAMofaIGEhqUPutMHAsyfngy%2BnLZWmTS4ZT658%2BIbZfFKIRl5AgYdVwjby598ug5Ri25M%2BmMolU9aoTlRS0OAYtOQDNst1R78PaQhjKbBxSCxmiOxeebd4dUPNTl%2FVZtPfaGoTy0RKVH4hcax%2BSj1QVS4g1jhronAN9lzQV%2Bd4x6%2F%2BNzKLM2bIkBP8g
2024-11-29,优衣库创始人言论争议,19.0万,/l?e=741fabexB4wkimpPbrL17ky2KOTYzUUK%2BENMadZD2f%2BBvdhvakOdZgYKBteLsQf0bfinw3pUeq4fYUUdMRUJGUBYlbp0vI2%2Bv9U9GtKtSgashHWYrZq6YGfUgkrkSqv0LCP6NKN0FXguiM06AeOXe0Ns8i9yHkRNCCmKsp96%2BCNBI3ljvfFuqoMEAj5e6Us8SlJgHT5MtR%2FbhLU0afRwFRkKEt0uOLF41DXrL3Tk8lat2yvtHnlFTZldN4cbcJTPDJJ2gEXPAbPfcRD0aCko9Rak43p%2BnWI%2B92qRt817ZvF5ME7GBMHxw6f9ahfyXIoikzuo3VrBWD4wSVcr
2024-11-29,丁禹兮看人深情是因为六百度近视,综艺 132684,/l?e=bc7cG3K9OOj6fvcFnp5C5k7jEcjBdvWNODenYtdc5mCnhXo0B7tnITYY670lZ2nTukzSfqPXAZEYxH6MpNjdVSEXlST6jPeWVTwF6HWpe5PhR1Titwold6sxjM7ZsnNHSejHL5NUvX%2FBfc9E1t4yPbYkP6C4VXw0GlbmjxktMGU3KnYvo3dk5IlvuiUfymIxTxjg8bxjuVoml81gvWg9qX6nKQURvc62K0Zl1i00BGJXM8Rh0xeT0xE65YHf0STFfglLAKEo2TpGZLiz40Y3w%2BglRYy2kLgsHph7CRpNPFp84EfonHQQ378l6z5ojcD4dai23YnL3O75UYQGB23cDC7ejCLOIfXFUQPgc3o5orpTbZ59hTZx0DuvaucYjQbg6jfQLWIlewW8L9bqLQtrxLC6ubf876uD5cG1RJaZ0SugBhcSWAdG
2024-11-29,奥斯卡宁荣荣 新还珠格格,剧集 123615,/l?e=672eyDVsUMyAo4%2F4cyaOCo%2FIWXQytrDzxz7uhjGDc0rYaPc24Ib2VDtq9QF0qMKofQolvep3h7gC9KqyW6W%2Bj%2Fe6cNaOy5%2B%2Bxfc9Clfumdeuyb1MdmKXTKXAn22g7Rv76UZZWvimekunTcNns0KnaF6wgUR1i1lLbQFWZj8Hj36YgSUrInWoc6iv2QHw7sYNVYC7%2BXbahoGzDBV5uyK4kxfmvrUJSaaFmYL1MQnDFLZpXoq5BGHtf7rrj8udXDCtrH4Ys%2FLs6rXDeJv20mjEWPhmykpsW%2Bkl0cCzNolIakbUGxyjY4jpPrgGGeN6kqnlAdMK1P1dJZQKy4yjH8FVxodAFlc0WGPYlGduWho6
2024-11-29,丁禹兮 包治百病,15.1万,/l?e=cd5e7Fe615w86I3SCVtcV%2FF7No7MVx5kAJn%2F20FUc8tQlgXqaub295fHrp3KS%2FwHdXALtMrncXAVd%2Bci3j9nE9%2F3SNkxJtUHPutUpNvrgrZ5%2BYGkDsEBI1V98eSr5eBK5niII4f4MkSfFEuSO5TDIQ1a5py3WhYb7ZaZ4oiBI6DmwN94hOUxfxjVdUccnwY1Ienk3RWzBvV6sj%2FzJarFAahlzBRJ05K7lc1PnF3jwL7%2BcwHkH2%2Fo3BSS3DXsFFk4vP1vG29hxsPWdBdfInnvuUWu
2024-11-29,孩童被未拴绳狗咬21天主人未现身,297.3万阅读 | @百姓关注,/l?e=9dc6E5BsGiOH0lt44903c59ycUNTHH1%2B4Wt2pnnaNU8zP1NQ9hDwTMNCJa4HE%2F%2Flb5U5HFDyRQ2zTYKdtdH0GjKezrTavTB5JqrP2x8jZwOXvLRGTSfuyZmHWBT5CnWHnY9JcguTdA2RCxLB3U66TZYbKMoAAjDf3ONNOiH30%2BpOkXi%2FSouGDM5ANp4rqmrwntBqTdrAyhnEpzZAD7Q69GIqE1gr65T5eLF%2BXjW9%2FUbC%2Bhwtz0QK0o5wRgBcFxZneE%2FGFEQ0OjhCFoZTdFFPOvI1IJ7gQgT6BCHt3t1DBRS2LZws7IPt1F0%2B7HCUNnA%2B1k5f3vgyEDgWC7jyZrWV%2F3a%2BqGsGB%2FxTmuwUYuCOuOK2b7z8nGYpHGA1BRu%2B3QEp%2BIZB7O%2BY5jha1J2KxGcFIzylwlQnLpBLms0
2024-11-29,MRC对战GW,13.3万,/l?e=fc121zDYOBA77jJT37tRFRmnRQ6ccD5SaSJrQJ%2F%2B6CN0ZrEOj%2FPomhYc7QXdk3IuHkxph1DwyAtBUcQQC5g2BewAVN%2Bd5%2BJOzG62MVUbccHYPhZvPuX%2BGESsLOzdMFnu9HyqGAXs1CJq%2F6FIFwqHq2n%2FgN5l2nlCIZJzfRa%2Fj6iLEWaFhhrs5%2F8
2024-11-29,有毛利兰陪伴的夏天和秋天,18.0万,/l?e=d8cesIkBp5a%2BVC77IvaIHNezH8QR2vobbt9V%2F%2BD9AoLADulHRfxJ37t5Tan%2B2oXeXcHDMmz5Ze%2BWDrZ3zgkO%2F2a1NYucOfH9%2Fb9u6b98HeFxRhsz4LWEddsQQuUw82IDmVsUXfXRDwFNG8yE2Nc%2FeThIRjwaykvNuebG5OVGI0usjlHYOJnGX7YJviJKoRI%2BnnxUofMaP1I1FfpcF3QnibkxBXdm6mV4BJYG%2BWpaMYxeghOLjo0wxehAQ%2BvvslFqwUAqAkFBov0X0rnfGIZfRWdGUdjcixWeCXBPy13NrsunxAFYO%2F4iNc%2Bkbbp9Lr60mV6U4PG2gR6dWzsDoJQUC0Rxw92HVq%2FLQw3Ak%2BffvOvweT11u8%2BntMpE
2024-11-29,南宁一家长称15岁女儿孕期被砍伤,11.7万,/l?e=91e9Q2ueFZCzrXpr58ncYDyaO3gJ4eyrbhHIoS2kTHI0Cyfrddvn%2BYZWeGO4qeG5WPRAUwSGdukECia6TbB2odPjNleRvGkslKoorPrdoepTnJdMhSksle0POR7cWfSx18zXGuBrAVFrDa6awHNxz4iDFDqB6CQIEYYsa6zMz64g4JxfZxjRDf7jCfv8QrkmwxS5b73Zc62EnBO9ZJGFJ7xsapiq4zFzMH3MbRHvW129Q2UiZqnOnS%2FfRC2JEEAM%2BDjUs5L7pfii%2B77FslKvczmqLiQkVy34hcV7ZuSWNqbJnMAEOxuKQ%2B%2FLdDnxNQ%2ByPPFKkUkVlh6uC9ZqHUBe1%2BcbqFKIwWaaM3jNkgMY%2FifeMdz8I1TFXdUA6a1vTgxNtZqYLTujJgv7zbMldRBfO97Q5A%2B9IOyxJKI
2024-11-29,杨子黄圣依 人设,综艺 110717,/l?e=dbbd7GsdBTAdDxUEp49rlpYZSp%2F1%2B8ELNjZ7iaChiB%2BC%2FI8W8m7UoAG3Wm93Gvsf%2FVzXHxRyC8lcmc69zUS1mD9U53pNAqnkf2D2nY4IHum5EnG0Fym9DBDihCAChfbUNAmwdUERYaS9pjXg3F%2FWcYM29MeUwpm9nbPtEZBrIulpr7z0OOxxh2rNYmBCPTktXSbkKpYv4cF2%2B8nLxKurB2ItkFOJLjB3q7azJEVbp4wa%2FRxZ1eYR%2FdMHYF4r%2F9NailL8ScJWMQ0AivbAGCcU6xWZ
2024-11-29,张予曦 初生天使,剧集 127019,/l?e=f6a6OntTraweEjKznaO8hMQKEvwh7mta3Gcb2RyXwKRBMvzbhhb0srTAyfpn5qv1PcvQhKTX315GmuyhdLr6nbhRtdfY7oubrh6R1r2asTLjtA6d72zPpwsXQJ%2FqBZaeU%2BZgk4a24NB4tWsxFm%2FOrRakp6XmDxvHVh6tzhx6P%2BkpA4VUXVV0ypu5W6KoEE7o%2B0lidyLBefbb%2B1mx0UtyYuI96P2gWgsZatDMNPdDsRhy0HuleXju1Jwubxpjn2Q8I2JXb%2FIJrwOKgp2GqSeT%2Berb
2024-11-29,3人1分钟抢劫金店价值千万财物,15.1万,/l?e=2b32iFe8KCctI5KvQHKBtolxLr%2FSNQFCIgOOq%2B9hxKsEpx26qdJ%2BKmewNIyJGcCqR5ePudlLQSImhA59crTv1O%2Fl8iGJajz8aDNoqAabbRFr4TJAmaOQGHjwer3O3GgdVHTBnwxrij7qGDpK3W%2Fr5cJ5A4czmRgsfTvnH%2BUaBKY0j7K8MXiVbs%2FDI0kEq6gIzZeskXjoP7jPW8XYO3ZRiuOz162A%2B8iIjTdig3NJj1GVzxMmAPTLjEls0A52O7Xel9cxLi929DOm62qXYPBuarNXpvfbGvrNSF3JkPLbaGorjCZSzUJpJcnk4WT8kzg8OsifIRTr%2Fm%2FSGFjD9vrq8Injxz7%2FqvUJkA%2F6GljyZImsqkVfk7RpAzaEhD9%2F7HOi%2FM4YspWcxMncATI
2024-11-29,派出所回应山东一金店被抢,721.0万阅读 | @大象新闻,/l?e=fdecNnZLI9qTzsQ%2FZSEiI%2FvrVQKF6mSI3HG4af22eSfrBfOp9sxJ0%2FNVFx%2Bknr3dejvVpT6YtL9XyFGVCHeXNsblgOq7uofOz5kq3CfYaBf0O3r3DeS0MEifHx1tV%2Bbc6x52GuIHHZs7mvvTBTIw6ehasEFaZSWbFC7SMUuOAGRzuUNYeNOe0cZMAD9JJP%2B%2F6FZLXr0SehTQLTYiIVXgu37Zn1G9MxeK1Du0Fgyei0O1CA4aMrFqRkLdZgHVQYWjY4UWFpdeqNHqBZnaDs%2Bw8NcUUG809ie5KAm4v0b2ckDwuXomswwHEnG4eXTFVMeGsi3bGeSYfutDhe2g28s5vINuFRARUmzYybcaHsYSXJMQOO%2BckOj3RIRW
2024-11-29,珠海户籍居民可一周去一次澳门,1021.5万阅读 | @珠海特区报,/l?e=9b6aQeiACLfYH%2BImP7Wk15jE2lEaRMZ7dbLyOg4Yudo%2FOl2NsnXpd5vge%2B4yf6BE22DcKt1Ug65rigTSeOUVgnVhlV9HXU9q5nqhtzpyumupandU%2FGE%2FtpjhBOGxjIy2oe4qQvYnsiJRXT7279v0Q%2F3y2zi%2BHP9JP3Nqu5kZ9lzifIehbFJCt7bE1EP9e%2F2%2Bmor198KZWF2UKPKJkVMWnqQYeFanR11NBED3X8TAERnvLdeMxQE1xyFetQW2ldgr0xOVwADvsH%2Fy3u0OAaeONn7bdSx9%2BD6dUJFkR7BuJUyJO2BDFAtT39V8MF4PAL36uGBI9EO8hsW66y%2FAClEZNRHd6J5TyAGoyBuB4J9Ax6zC3W15nVgNMOyJ4m2sa48SSaQWF5Y8FiULQdoCbIi%2FfTlc7lveZrOl
2024-11-29,蓝天救援队辟谣外卖小哥海上送外卖,,/l?e=d6c5Qf9CKqIPTRg447PEaFRy6bnxeGQDqpDgXCVcM0bDMJ846Y3Rd24Dj7IhlGLvwlWnoR55iCcGj79v%2F48xFXZ8HWIHifKc82D47I%2FZBDd7Nk8lbItTj6ZqdbTRSuql%2BwGyWlZbtisxX%2FL8Oemhq2JSFYxRgyuAr1H97jkcmqIW444TFUV46m83M9Vv%2FgeSeD7SaiNG6RSOtofrLJu%2FirooYudjw2zN1WkTmdRsnai%2B99rPLFIFGV%2FoUHgiYYJj2ijllmtJ79IY6HIkwXzyP4Z4RWCfujk5HQQKQpqm%2BRqFSLF951qvpAuBz7quZ683iy%2F8TfGdDRVkI6%2FzkGRVW3W2tQBl17HixNGgcBldsJeUCjBkEb718gats1jiwBL8n9mwEfOXC8eXKT88wA1NaCFmlgmtVkMOezBqcvt4LvnEup80u9aCw7OfYxPN0xRnPW9Ch9ei
2024-11-29,卫兰她整晚在写信,综艺 136195,/l?e=d6ddx0Skb4nIxhrdFcNP5k0seUQOO9eYKGqC0xeZ%2FvAlTNGrBv5AixlgS%2Bgyk9Arw9xaWACa2E63o9D6y2JAKP1qrb5xReh%2BkbVeN8DlIndUM06%2FFwQ9yITmuGiyxp9idaJS25bBC5AQ6G9pS2VUBql4nY5x0finp38zpRj7DoiNHn9nzc4opuGhnXa20KaeyeCzOnxR9a8gscO%2BMu5O9x5uXCrS4wLGxjpcXqUlq2r%2FrJlTJPLXAdRRjGt1cs3kMawQ%2BOSjUuzr997o1eY3T3cJquMeYKI%2FSkXem0zP
2024-11-29,鹿晗好拽,37.6万,/l?e=d0e4pr8ZdcSm8P0CTNOuMj01QKDrumEte61%2BZrx7no%2FAfpP9dYAQzy2Dw0CV0arO9RslYibeHJvd3cF3eQ1Iad67CyO3McBTAh7OoGj0UJkFO982YiKi3EQ%2FsnLHS%2BxD4%2FzDQx7zbdRgZgTRnitHXHJNoMv2c%2FkvIg4AE1qVuo2iZcKZVKmm1gul%2FAeRoiy8XcRAbZvZ5WAgyBQnecHa%2BHMj
2024-11-29,108是法考生的幸运数,16.0万,/l?e=c663ctYlNacP0UWtznOD6%2FrjNbL9tWByjtSaz3jgrvgw8A0Ca0w6MbCAMR3CsdBvWTiptoFjqC8%2Bbkv8Hyk9rm496ihC6RiEiXviXZGPtF7GzjoBNT1iNP4XABL0RM70imJkCFUTQwS07mJdJPG%2BzAnhnxaIQ%2BcMs%2FWVNkQ%2B8069zZ9vy6tVPiRJzwcot7CEcqcdAwiSkpE6nSph%2FcMZZ%2BiVe69Qgy%2BcG5398WFlVuoUhLdvVtGzyxf%2Bu1kFSVhWjY%2BCzvFaBCu%2Bl4qCUmK3QPFsUH39gFQa3Z5AACaeZvZX
2024-11-29,NewJeans解约发布会后首现身,16.5万,/l?e=c3bbHe7GCxgtLvx%2B9QozEeu8LELhvX8VOrup626HvpsO2yQYHBv5FCX4bJ1PgstDgFqbiNCgn8YMnEqeaz%2Bz%2BaqOJ5LkizTwoZwewv5e6ZF43jP0dAv%2BFvAzF8%2FZPeLY71KoNjVItW7HSKFaZYJXV7sgN2EfXFRjgqyStP6xUNd4T7aK5AWvptuUCLg7YJA0x0qWZd5%2B8MLorUH6BgRY1zeOCy5DphndMsjqOWOX9ZMSf7S8ih0Q63ojKE%2FcWh7FVuQMsleZv%2FR8dI%2FsW5Cvjko9SfAeEQY9ig1aLC%2BlwjleyHflMQX5Q89FEcXlTVmtwfI%2BfY8
2024-11-29,唐嫣COSMO文艺女主大片,16.5万,/l?e=fa31tLKhJjY3MBQ8M1c8fhllUag8iSv9ze6%2FkFp5d9UKHrddc4AvdFrxt5CbxnPLp7UDs6d8hWREPTTVU%2B1u%2F0zopLn%2BNvzhJZTi3Pc6U%2F744zRh5ez1qFizAXpYzMKrmDrd7fiDlEc0acLze6mCaGBN8IU2UhrMZHeIKOamQoP3GQUOXWeNVap%2BoihBR0y19SVCxTQMAXsOv5CvDyoAehglo8Ay3WI0vmAdFqR7WP5t6C2bPmEdNBC2zLAL3sv0WYxQJY8%2BJrXj0pUBWkTjAfhbaUW2w01GcWm7cc4U6YwD5i4
2024-11-29,何洁时隔十年再唱rap,综艺 181138,/l?e=af3cVIaW130G0kHBwmcfZcPVeFrQJB16JPDkujJTZRqIJXq79%2BZ2m1KRHzdg%2BdV763tyKdxZE%2FHPIjvHbvIswCGlnMDygpAaYTtzzfBOL573DWzIlErj2m%2FI3ibcFwF1V0UMKnqPJCrXxFhhRecbinDyty60%2Fp5%2BdcP70Xm53ooFoUQYLee%2F%2BCQkT3Y7SrHQRFqIfcimQrAl%2BOJc1XaRNhPjz0BgXZX1caaqvo95noTPQ2S%2BUA%2F0pZYK95ViCXbKGTm00YDWM9JlhUBHYK8t5BeFsVhCdVnSp%2F%2FK0hGsqQMP
2024-11-29,古巨基cue宋亚轩,19.6万,/l?e=628ecwnLvIzz8QzmFUEY%2B4eOvE5Gd8XeU%2FYIZmEM342cfYbEi0QPC3zNqDk%2BaXFi6ewHymNMmHIjzKVxX%2B8pis3Bx%2FcwLqRHLicp3liBhDlz5b6OQCp9ytU%2BMS9%2FFJfYXWdRjfRZ2WY3O90VzT82ThV0b4sY5ZxjV%2FaO5nychMA9DhTJQJ%2BGTMe3%2BhoVpKV8EXqRNuAeiijHcq8tBqOKOOEOv8A9UCxwKZeAuFVtrV3PCDo4mjoWkNFhmnXmsf1z5jAc
2024-11-29,WBG官宣Crisp离队,12.6万,/l?e=5464on5Ldgv%2BY2JM79cbV0%2Be9CU5nl5hvjoc3Wz1f58G3WCYvZHo2Gyksl43TX9nbK9g5%2F49JUjBfnK7GxouV%2FvoaQ40ipC7m0EmyF%2FNwnmg3XGAerhMD6Y0Blttr9hNd2QPle4s1MRPovu9NY09ToP912JGYtJ5zuN1WrnqgH5ZUAYiE%2BFZTvD3MG8%2FnSxzhngx%2Bl0TnqsDqvFnFhssv%2FxXzJIpW%2FWpFV4
2024-11-29,11点05分是郑思维进国家队时间,14.3万,/l?e=bb2fOpbaH4yWlPqnU5acOWdM61eDyh1Xdi3h15AE%2Fk5NUUzpTY6MRDGjmTYbJPq%2FM9RS8Y1RR6vjLfy%2FjLm54vLAlSSq7sBZerF%2BYU1MnOkym3xqMb8S1lT9DfH438TvcBPcYOCogYD2a3fuj1uRxZZQ6wIOE7IqAD0mlCLzzUzoxTGFhVY0DHn8leIhHAyCiyzXQG7ZPF%2F0xykJROrz2WsUXMQCn7PCwpLlxVec%2Fiq%2FMjWUJkhAeLIVzV4YEUrz2Chq%2FTdiKE7q5enOBC8OQ94QZBhiW7x9rwLdcpJ88Aew3bZkn5ZOlD5rnM4g83QXFUXgcRR7EnD2uyrg%2BL2G%2FbBpGZFPYdQcsnJQj2ZBI4QLb8B4sumCcsty2U8HeA
2024-11-29,黄雅琼回应郑思维退出国际赛场,30.2万,/l?e=cfcfU0S%2BZ1brpFRBHXgeBKezlzBk7ffk4WMzSo0SSGVxSSzNP9%2FlRSzfRQZ4MIIiDChozN9Fupsf0iZURIJ31Yw6N%2FzCFUjtmGqc2MekZcvylJOcw3qukZsZhS%2BsT%2FaPGlOfpZbKCWJ2VkgGldh06n2trljMv%2FYdQJXaW6PqSOYbQb8XyYQ2r43Ba7dZWcLF3C6Z84h%2FtezOMtAgLKA2hC8Z1xdEIUyY6p%2F4fS8zU3XIAKMAbeOQA50SB9mYgw8mCOpjJfBXGBa%2BkatF8bWnLpmRzyf%2Bs1Z0IwETkzY%2Bs6cdAeNuPnqlb9SnZO7zoygg%2Bg7jqQy0aOUkc90TzuGsCVKvCaKFiB10Sg1fc94OHvw3C8nyP702%2BFO%2FAspTsRPXOnTbzSBIHUPAvLLRdoU3gZa7taDDIi8w
2024-11-29,中国奥委会祝郑思维一切顺利,15.6万,/l?e=23dbZJgoWMlJ%2FRp88aPAFU41KBkX%2BPkIhEm3%2F6l5%2F74ic1k2MPQViaK%2BCoAd0fAXa6HG3A%2F3Np3qh3xxFcZB0h%2Bmvj4xfyhfIREUih1jRzbb0DZNQgLjV8QPFV2DpjkZb00BSsk03i1bG%2F2KVtMV4DqJf26A6oQwWUYgKhi23bSg8cV3pFNYk3O%2FnRVT0c%2FGwDWRbe0pAkLRgo%2B%2FbAygkCsKKu050zNwhMqrh2iHOqcaw41iZ0L5dknLuEH%2BWrWAQOwosZHikTg8EBD%2BOxj2o9Dgb7vOjeyWzs%2BLRnohcSXzBtqEUNXgQcPpHTB4c6O2%2FPVgqCyaA%2FJZjBT4b%2FLlEk1aPiKx1GHINr%2F8%2BAe%2FWfuU%2F8gyHBoIPh%2BUtmM%2BO3H5z3imcPrUHAED
2024-11-29,陈少熙预言家,11.1万,/l?e=85285V3Q%2Fm3s0PNIT9QDOcw2YtWV1RoSYp513p%2FKQFvgtAO2jXUTL%2FQtOsMbWhkHQyIbgCdrTPmrHsMB%2FJohvM%2FF%2FuUNJHTWEYNLfJiQfXAk4K8kQs4yvKifaWRXZR8vlLQKOL1Z8zmIDlC19i%2B43wG4Xk39LTdELpsnfljthqdh%2BFyDlYZDdTnhUawMSgqLitAcLDU2bBetuCJVxcywX88xLiR5rp2RFtY9kUlx1SS4vdgsPH%2BCv8WjeqQeQ9Yk
2024-11-29,羽绒行业人士谈生产内幕,1315.1万阅读 | @九派新闻,/l?e=78a3dt74gUWjB%2FxdEqI4VbGafreVMx0H1R3q9G4IdNMa7LMbaHg%2Fk0%2FpvU4oRt%2B0ggZ1p4a9lKpP8B9ZTsmoZ9U2ysLeCyejBCqVMi43Uw7tTCX%2F5vd8vevV%2FTjVn3kXY5rJeKf%2BkafxyqnjqOZvy%2FR6U8RoCrSVCdJ9LQxmlLW%2F9uoY1aAq4zG8jesenFW1wYWukVaAyj8e%2FTJ7cKhUEXP89KBWqA9pCIGduVxz%2B1LPvUioxN4ldd6aXbD7T95wPBIZ%2BrmxArAGmMuZ2k741SqjUnTlJA4aqe9H2fMzseHgUZY6KHUnPsYmBY5gMzqVCYxwvjLzGHguryym3dJfQw%2FZRuQ4nmkm7%2B%2BW
2024-11-29,官方通报学校食堂吃出青虫蜗牛,511.9万阅读 | @新京报,/l?e=08a7xsoo18Wwm%2F4UTQMLy4DdCwkIEp5WaGKAaGBzDzedW7cmesJxVGvPRQ4RlPCc58wqLKBwWcGFbK3U%2FByV048ygMkTIKA2uulKR9JF6T4WDqCPGUMFzAQly5KzKso6OxMTspop4es93KEioutNg39yzzlZUr495%2F1P3QPsBbuwcEqvol9%2B17fhY8OiHPUY13silagW1hNfD5A%2FLLTbmuxx8%2BwUZ1lL2GvP%2F8XWiGlrFONTdFRKq0SaZeMK3J9PTb3wvIE4C6u8EgerxFCWZtr3dm458tk%2BxDXV5oRhklSQSSOA4fEUgq9rrp6pEFnHg%2BUFKyhUuLh8aelk4ih0wcLa%2BXqWfsWFZbEiSOkEQS9HK0nbMhHo8MCbtoJuPFXHSngD4MVWqX00y%2FleIqCljAx4lauDc5Ck
2024-11-29,婚内婚外老婆情人饭局修罗场,剧集 116034,/l?e=b800C2GBS1PWSxQOHd3kK4IoPBKE59N48MVvEw4IwanUnHC3YwA3xKai77z7LcRvgJ1Zuo6GrUd1QdDsrR2JiFjV4plYv6SAayYWeX3NQz3uGkHG5nKfX7VeYKk4UZDfV1KfDUw57PRI0WrKSy8SRPwqvr%2BZrRaPzLr3Cq44FyJkeCR0cmyhkij6jyM1d8kyJg5ewCf8Z5CKlxA2rg7qBuYJTPwoudWBPQiWq%2BTv7Y6P%2BVyXpj4FDCP%2FutLh%2BNX%2FnffTtMz6zlKNq6gPbq2g9WXlvg0ov7s6RG8Lq8Iug2GNI4qUT6WI%2B311Yp7aMi6meF%2Blr1rdPQ59ZKmrTUVuQBWQu%2Bcoo%2B2Jlm5CnCEjp6buLqCwbTS6Pu%2FZfjxO4ocTNTG7DfU8yW13
2024-11-29,Puff和Langx和解,22.8万,/l?e=81e0htcMB9lPJIKXsN%2BRNYJP%2BSkzaqsGlqUWAkTOftLOR0CnEkaitId%2B6HLka4eRleBbXYp%2BFl%2BhdTcabkUIWXmW1mGm61lw9yTIIkX5f8WXSuu8DRpU%2Bfj7kECBtHBL1VpT8G20SMXKR1FrDOYjIAao4mULdjGt8W8aDHNht1FZ%2FGgOfYPeVEq8ijBh0clqylVgd4tlvBRB1pPU
2024-11-29,国乒备战2024成都混团世界杯,12.8万,/l?e=3c568ORTZYpFExz7TzL0pyoaKUP2cgW54XGdcmnTUPVk4TsXqgHbv8OFHcEa64DLULNMJzVNgJZQgeXx1d95p7eMnkeT86ooTPjRNna5S%2FYEM58esU%2F6U7mWGJA9q5in0hyCcjA54ufqorIGFLGG2s6TvLgrEWkCdi86q8PqsZ3lXsTztYwZZZ4P7OIV8FYQ%2BaeBML8TrNvVPTQaofoxOO%2BI7GYE5UghBQZYwm2I8k6BZKgdSzIrCrWa5C3AKQVguFWjFT6gWmG%2FvJS0zOyJZhlQRtdLJFiUuxZuy5qd0GlyJpxwAdOINcMVJ1oyJ1iAUAEQgZvtu6wgjbI7UOXVzH6AEJmNX1G%2B%2FvLHm0IQYQ
2024-11-29,苏新皓我记得那天阳光很好,22.6万,/l?e=b6daVE01%2F%2BEDH4os9vAuMEXtovjmWgF%2BlX%2F5SGH1M6p4nuqEHFKo19e2JCECUesiOucwFXVEavDtJ1I7jK3dOw81tjLCZGeqCZao9skWusW2Y056Rg7WkVZco3fnEp0p3ACwE2CDTDTzhv9m13RGZrx9Gih65W1ai18umODZsW2UlWqRbMoQ0rW%2BoMbBTosz0s08p7aiGC2T%2BJGvmXx9SHfPB08NluKToe38Uqagf6D2jcQEr45rrqkf9v%2FZjUi5loCnykV61W%2F2eHzUE4qVpuFCgZleVOcZRDeN%2BfaBQ%2FSzp0yFIXuq8HevUNu6p%2B6ziMLD%2FzZEdiAee91atrTPA7cSwQWvCEHJni6%2FvnrH7qjeBbTTCOD19oAI
2024-11-29,金泰亨单曲空降,音乐 168164,/l?e=c31adhrwbzCA1pNsts1MGE5UNSl%2F7k6EL6TxJs5UG%2Fimkmo8P6UZJGN7nnGiTffkthXPva94p7walVHdJ5MeCpHIwdZGGnAkQ2AuCjFyIXetAyjHRjKNFFQvtoBbZIt3v5cYFQlnmKKP4WXcvw4f03Sp3q8juslxifWYuPdY4VGCy0Igej56O5Nm8qh%2BXZjFal55Pr4LwIk2YxdLhJG83MGyjgK5yDRoIbBT9tYC%2BlXnwfY%2Fd%2FaeB6CCu3xYFOCThxVc9MXNe9XE2VCsVtig
2024-11-29,唐嫣粉发未来造型,16.1万,/l?e=7ef2wsqZCDPXz744RsSdy%2FXdRSPFRf3SpN11ASKyHpmxwYMkymF8LQ1FBLqnslgi%2FTbzTf6EbPfG%2FhMDL9Ef4qgAzxmTIDP8tLc6OSv9y0VzGZU17iayvNWpOQ5IbIlJs4KgVb68BWvnC%2BZHWudtmLNYb5a60P%2F%2FMjllXk7hnyRbqE1ctdBf5Lx5QjfCUxLvEd7UROnpDy6se7nJjR%2BBcC2wB8pZWcFbGIL7MOrEW7FUyIvS3OCoCIPL6ZRnt2RZSC8Yw9nUvZx8Ye%2BnLFWOnfbntUzYT2VILv%2FyFhIN
2024-11-29,冯绍峰接想想放学回家,20.8万,/l?e=5807s4HwRHL2%2F3f6V81KANxCFpJ4Pfm9%2BYrcq4t6xQmVuL%2B0bJ%2Bb0Ph6R6MSQjMD4xF1uzd0120T827TpF%2FglM5XDUg%2FREP2mcYrOYuw%2FZsLvLeOs6sKZWPhZDYepdDceEWbmb%2FYcieEfZ03IdRAq7Thxry%2BF5ENeFkPPXQUr6LmXRku7Rx%2FBeyg8T%2BnQ4CE6YeXUcLyENsjZP9aNWPEQuiVy1lSdkqN6CFXAUH9j1NS25HK4GRuG3Fkly2Ffra18%2F8Z5hTctyI4pLyv2%2BO0d8Jj61lFtA4ltQWuCSvRpKROy8u1drYRYtLtM%2BENxAOppyqCCuAB1gVjQbmy
2024-11-29,冲锋衣成顶流是靠什么征服年轻人,12.2万,/l?e=267fRUcumRH7i36zycwzs2eaBniAe8UQ0dYobC9730rbUziv3fb5vr3OJxJufS4FkSvGY%2F6wuDmLzSU9K%2Fl6gxDwlzOPI7qNREoTPqo4wS9YcbJeXV9AIf1%2FSa%2B4%2FswKHrD5I06natPf9AUVsg4M7oNPBD4DAilJ8nxI5p9ftWpKcCoFkOQJ5sMU4m0nTdHUL8C7K5%2FrAnKrZolCCjv05lNM8a%2F34bRVf2oJHhiQGO4VZaP%2BdC5duba9LeWCp7Q0shvIJbAwfcle8%2B4GdEkvNShAX0Bv1ZkyMudvoX1X%2FyJU7aT9iilLICOkSC6mjmI0F555etzzlP7o%2BYopCYu3HOI044L0O%2FZxqtFQ8QkszSkDzpiP7rYzl%2FAPuetBHnDIAgFEIanNj6hjIGze%2B0yK%2B9Ay7JqeYxTEROoqFztYjVvHdlL4EZg%2B
