rank,title,heat,link
2.,优衣库创始人言论争议,151.3万,https://tophub.today/l?e=658cf9wr1nhs2JXZ70OeiXrjmoEoQECrPR23bX%2B5u9qxYzj7dCYHD9sYgD0jFgtyR9ho63fd9%2BAiq84lUyXuPDy%2FWKXILCv2XmMswT9jVX8UL7zy5uKHsYkrnlNpqvJ5sYnjFLQnw2Of0URjg0a%2BXLMZi7KxQVfU0W2oh2vamZClKDl8bHkEtOB5Zw%2BN6bCasTh%2FJ3hhx02CGYfn6A01%2FOV2tHoVuDWMY7SVjAnQkJD%2Bq0ui9zyz%2B6GLRhiPO6Eo8sRqlpoaLu93CgRYF2HLxdnMECqYIQSNJ7pU9%2FMG0dbiPLfL6FVsS2IP4I7BplIKrMalyz6MqPG2PX4r
3.,鹿晗回应喝多了,105.2万,https://tophub.today/l?e=d322oByK6Ocx91HOko5zD0UgXFz7Imht2ZfmiLD87Fagfn6nE6x39o15m9twkpIeK0koNYikHIoBplwFSFx3blR6wcBDKcvZ0GFUlv6G6G8T1Ny5Qyy687%2FSBPoWl7FWhfiRhPH6RffSzLAtzcWjI3JR9VgZLTnlzYEsBJh6yFJp%2B%2BWXVC2nRsU1%2F8d09cV3MXMjo%2FiLttdb1sDo2kB6WmbfpqMCZg26oSvqhq9yt7eLzNZM89gD6b3MlTpBSu9epAZ1XJEDXOXdWOSN6sPZ
4.,43位志愿军烈士遗骸今日安葬,85.9万,https://tophub.today/l?e=186d7Zyw4MqvooIXvQYFhI3VgTxpUb%2BhOxNhBBZQ7F2ZEvkGuco7eEJHmCxcA873ahMPdFyuaQlbXUtgUsphtqZIvsPr%2BHnun%2BFfcae878Sa%2FK%2BC%2BlOr3pKpM%2FEcLLiq%2F9kStXsg%2FQuBJZcWbKAyYwvNVjLpVPKofe6VM0r4I3H4zUOyYgmmGXt4CZ25anKphLWBROnBYP6YEfcvp6jmcH%2FF3qHQbSu74EdTNLgU7dmPWondT8KjPEFCmHPrXf68ZyeJcstmlIHDJpfkE9y1jgevWPnlx2Dus3U%2Bqa4mar53IT08%2FkZOagMyBaqEY1RMzkK%2BokIMWBVPnoiwJzAlyFtenui1x325%2FvWaFcfXAzE2KSkswH0wEIJM0xI
5.,17名男女KTV聚众吸毒被一锅端,75.6万,https://tophub.today/l?e=dc83PfLYZRpz%2F7o1e8MQHl%2Fs10O8Sftd1dXpGP5Q11V9dWY9i2dK1CrpIc3nFJjtb%2ByIT2GYXUt6llNC1IeG2ss8Dvywp0EM6khlHPa3cF60BnPmGhHe%2F1kZLLTfY0fUhQcM1V6ZFXQ31MYNNKwEB1eyZqVcMO7NVSQ7JODU%2FOlS%2BaBNp52zmqx9qB8f5ABP1KLahc%2FCRotHLhfwLG5HQynkwTsaHKyWFKDikADRsXWw0xBiDJCmrlfI6YJMbKT2YkqINN6TZA5teUaEtuKSWyObxZ9qPwZpkfT7MdDP4ZVNekO%2BcLkLvwu0NwPqRW9RA9bhOa59grkvkqnFPh8PGP3pmSfe9IGN5ndxDuvuaSM
6.,辅警因为一次好奇9年后救了一条命,42.4万,https://tophub.today/l?e=0ac50KXjJmObqxUDzX%2FZH9J4DYf2EtgOs%2FoF9cv2br4nhYQt90%2B2dz5xlkOejSd%2BGUOizuPhKo58OEQDXRhA6ON7pu0tjlpx5dCOgT67Phk6WdoruKkTQRlftoaQEWkfGf7JuDkXRLcnSuGdUejlVG028pj0W%2Bl2KMwYZT5ICJgY8pr3LQPTVHTJ9AA0R5msNU5JDjlsfrCeFW0mAZLaOOVp8DOTWeJwrL6UwNoWrHCCx1FT%2FP2Jm%2B8nZxW%2FWrpUhwjVkZ1BBjz8p2%2Bz%2FiOWQx3F3cBQlwoW57af0UNgOHa1MuYejFAe%2FllXYvfsMENqAAC%2FgkUqjaiTYnB2mtcQJJtK47eH5jfz2wBqcF7Yb%2FzMr8IUISGECnza70VIxjE0256wiYuAUZ56MrcdVbGXLO%2FUz2eBgK7l%2F3WVcC3SVBtRr17d1kZngQ
7.,山东一金店被抢损失或超千万,42.0万,https://tophub.today/l?e=35e3mgY7yKwN3QuHqKRozUCM5b9KUPcEpabt8rmX6UOdua0Vx3Z1RVW1LBGywA1SWwAUg5Zkm2RUetyTOuA7JChL%2FCC5inHqcsNOMtwy%2B%2FJwb79Vs%2BgANDGshdSTBAscNtEWg7rZNTnWeMGQR4DuUhWCz2y8e82Kzmz%2B49jUj3RYDwrXz5rnJ053SVfoMEZ8pu9%2FRkcRaVmYDh3qt5UgLbgGMjo53H2ZGuSCIZBYtX7gX3UlW7gdPwoZjWd4jpZJc3IaLzQ6QPHV69jx3kUwxhggBmlCsDKwk8xn3u4OBiq5j%2FocGnaI6mkmrA5FSRON4CO9FxTPh%2FvIkkhVx0%2B8YaIUvdvct2JGmZs56Mc8i808CoUyopvEHKvbSPWidpQ2Z0GTCCXe%2B6aM
8.,吉利星主播,,https://tophub.today/l?e=541by56XGjbApzD47Fzz613aQ0SioGeLN16It2sukQtwO74vLMCCWk%2BHXVLgMbZvvCA1tizACLNbjrxPgtw5bhCp8ValZBXKFX2MNC6hbOzaZVNsscGxNvmJ%2B9LNYt4IYf%2FHSJX%2FrJgjC%2Fxa8rluE0BfxhSAledNx2S16g8BRzY4ozhi4vI2xcz9OEHVJ%2BzEmYy3il3GVrInqEssh6qKorckn6rU%2FK8WsyPnsHgTomTf
9.,鹿晗好拽,40.6万,https://tophub.today/l?e=7e126zn6hJQeYeTm5slxKHwcPTup%2BsiEjniqWS6d5oxRA4%2FJuSzln5XXgCNJSQC5IIIREp%2FNW4%2FrJcx8bRVNnIIy9pReRADLWMx5eRzIjNySalD1Iu21WAj4MfWviLBzAo8V0O1p3Zw1Z5O5woUVen8iHPiITcNkEg0a747FGZTdu4c78byJKCensaCo1MVLAO0X5QArdXZmHXl9427c8Fya
10.,蛇年春晚官宣,晚会 398048,https://tophub.today/l?e=1b66UM0nJagvujY4vduDKPgsClPBZvwywvSlQgXiN9GmISbW4vwg2LOCZEzljkJj%2FncenFKUyEtjSP468hoo7AlDQcod7WTpcxHzg1LWEd7evIdT6qwa7uc9KB8XCsBtkEYe%2FhHrLosOG4qB3rMJO3IJkghXxADLLhAclgDWNpbik3fG9Xa54WS%2BqV0P%2B%2BGo8XHEmiPArCZLTm7jDOeg7OiotFe%2FeLcoD7W7onqI8AX6SlEkm32kAoTreMvKvDOr
11.,冯绍峰接想想放学回家,39.1万,https://tophub.today/l?e=b24fvdFRtiXw8sC3%2BmLzuHi7GjmN%2FFNso135onwVgBKBSGgYLoTP2T5t7fJ0eXyQhXTx01lbhzqPymoxcUYMssbkrDYkpdvb4qGcewDOOmaZzCkNqjcqeKhQZxIqdOVpZzlLix5Jy5qqgtfE6LAWS1ap84DVuUtoRPC9%2F7cYjW%2F84QRj44VNxTPiaIIE%2FZUy6LKZuxDt76B9Ugo5HN%2FW1C2JhXQjkKzGhMjJBPIucsapofGZMVKlhP9E5VSqG1x3KJ1%2B%2FCX4WuB74NI6Hxn3pPIcdI7rraY8xJ7ERdYsPCR2MQDn1yclKMllmgIVZFLyPe%2BVl4KFHpU7w7GC
12.,美国女子抱婴儿袭警母女都被射杀,38.0万,https://tophub.today/l?e=2031pEZPpC0QpQpQYw2oIIuKf9wqtsyAZe3tBBWjZ9j%2FjwXl%2BSpM2pJbdnp%2BqfB2s0gxJEzXFyD7DZc%2Bpf039v7BALn5UaDx2Uo%2BRAE86hFJMZ%2FtreWJe5T3mdhjyFxhzEqfEbTbGCZGlI0JWZuenzjYQZQVKoyCg6hktioqkU4%2BHpUzYMEz1xP0jngSpNytFHZkT2LFTyUze9albQh%2FqI6GURE2LnkJkjcEQeGoV0mtgxFo38XVZ7c26J59riqMoYU4Ynd4JV%2FmBEMNfqiyZUWo0j7fH6UmkTkKfiCu2gTmfVZI9U3BKFL0q9Auc5pVnzbYja0Peo%2Fv9Vqgknozch2%2FfwQpvAZHIOORYOt6U8S8V1UD9Fi1pD4y%2Fm6Cp5oMHXkz5Ic81%2BtimQ%2BUot85Zqjk7QNbTgX7a9exdfL0wPeTuYLTOCk4
13.,黄雅琼回应郑思维退出国际赛场,36.7万,https://tophub.today/l?e=60ebviMgPdq1boJtPsuh68t7BuTR9RikIb%2FlI31UMW7DXQOeEf0CSnkTFAsvRAoJ9Ss77Ap36SU%2BL2WiTc2dNMMnCvRd1gU9SFDxYQ0VK%2FRM7ImavQXWbFVsw%2Fwe1DCD5evN46oBDpMSEB8YchdLtC5xFULktWoJf%2F%2F4t%2Fqi28latlp148yX%2BRVhlWGHF1pUUP%2Fw7pURuJQAHV5rASdJ4xqh2Pky717L5VJZ06GnaW2ZsbnBoaWT2qGanN2KFCe%2BudBr6%2Bijz9VbzSofscBh3qyWrXDk0GnoobVuI6D2MCfwhxPmkvL0R0KLTkfBcb56oWJtXsFLJ%2Bz1IlpxYfvgWCKis0TYiahKVyYIK%2B2dwJFeJCwn36W0T2Gt6W%2Bjfu7l21HGIPmq8ouGzlxzxf0qb6Jv0T3ZMCm2
14.,再见爱人4第七期视频没了,综艺 361721,https://tophub.today/l?e=07e590cqBz4CfFvJGH5aE3qzUNW47pjKjgGGdOgVbOqtszOemLl3EFBHczEVHY3tGZkje2AlK4rKF3V5R7nlwuOqmTRaVvahz6a223tRNJv4eQeK1r7f%2FLhMRHrLEswntWWsrSbS%2BTY8WiyBV%2Fwpl11yHfJ2bpIXr062luJoVqFs0d0FF%2BD%2FEvGYKUSC0Wuup9R3EIQnb1qna02zoOUWgNKUNDt9jRu9WeBFiqm47Tv8MNRn6N9dAobk%2BMOP1BTRxeystWgdrfDjolN3fwxDODEW8pdDqH%2FGSTwwEk%2FelVlANs4SSV09U1qvt5DzrN00MrT3cemWo3qf%2Bxd6gVcuCJ9W3OPUksCQobW9pA
15.,王源头像P了个新帽子,33.9万,https://tophub.today/l?e=106f7T2CY%2BNb%2FCiU4o5fmYrcQ0SlrIHXQC%2BtEqOBZbtnzmN9ZFBMkyYT%2FY8DKL%2FXfvRfSeBkch2GgN9oeL%2BUFrYansgE9wgnAXh1nE%2BDjxlg9cdwzDc16oAzullFJ2hWk4A9yRUeqSTk%2BghFpQndc0%2FfruhbI0eBJzLcSH3l7Zmw3mEEhWKPmOx1iN9IRmIzZ0DbPP6zhxZaJZlxfWtlqk6GCblJ1iFFt6HrTuBh4ZgjiuoVUR5ESe56kydS7Taj7ygQwEHp4AkGwV4dlYERmHdv5osrK5Q%2BpZTsEiiRSz1OLsJaPcCTgTLhr01lnw
16.,韩国人的精致穷,30.9万,https://tophub.today/l?e=0acbw5jn1k8wsVa6JX3F%2BFapAFIPshSQ2zIuDcDAfmHX6U%2FFiVIrrmw2r9lZJ8gF8QkUqh6%2B977DtaiS%2FcReS8WFx6tbkf8hbA5VpTP4QFih%2Fby2xKb%2FTjSrsYSzolDYyst8A5Jc954R2JxIyKqICvmlqquGd0%2BtiJQ0rE1BdqPWeEMaTlwI6rAf1OYo5Qy7RpnemmnUV8fJaadvbFq74TKs%2FPKJndqWmqUdxTQWfTB9wp7JD4FpW4rVImD%2BPqOovuewRKqewJkv%2BnzpFm6e
17.,3人1分钟抢劫金店价值千万财物,27.9万,https://tophub.today/l?e=cfdaClX%2Fnhj8Bydz6nDaLrGKUZ3tmppD7Wu4%2FJH8xS7vCntQLVF3%2BSRx2ZMKtBKTowrLtOs43ZxVPzs4HXQ%2F2C10Po71LDYFbcGOQWLazwrfseAjjJJOVZn1sq5OUZIqyLc2RfnqCaUiAEqZQpZ0VUoP5SwOxqX7w0gj3p0LtVQPCIEfUZw5Itjf5p4tuuiOBTfklM4RKrPp7%2B%2F7WdQCs8tdjcz0gwVR0TKgqMW%2Bf47bVZ8lai5G2tn8Hr%2BBLPZdm2%2BvG7ZLDMF4d5E54Lqzlv6IFUq0iX5kljtenjhPg1pfK3wvUAd%2B%2FmR4ivhwmJzjuFguBDf5KORK4kwGCU5%2F5s4ybxBMY8VzWCB7%2FSqtDoA2iDfTFRLoK1pEGWoMkjTX%2BEw7RcsjX4ZAncY
18.,孙艺珍为2岁儿子庆生,26.0万,https://tophub.today/l?e=840967%2BSBbbdQtpgbPfeeUUENewRsH0ee5UfhvpsQgpt%2FBWk2E3SkDgo3%2BLKijT%2BZa3OJWXtk8hUl5bPvVPitP3jTd1p6JGcPko%2BLIXmYkNphNlt0ggOtNYfmKHyc8u0sD13CRNHbn0Qh2c3fTQLaXNkbXQjKHT1USrJ1J7pdlF4ZE8uulxW4kMESyb207o%2FeOfmBI%2FES6WT%2FnVpTY93UVbjp5GGgRyBYamkn50YiCLuRCFhLp3kE%2F%2FQ0m9SdgwfEmkpqpGAl44J9YpH%2Ft8PSl73VbhMr8ClvqMnd6wRE0BhTusZbHNmH0qUMwyqzQ
19.,胖东来调改永辉超市25天改了啥,25.0万,https://tophub.today/l?e=305bFQ9A%2Bny4tMwtiLIaXmAHe7MZ%2BuP5cL3OyZoPYp%2FHf3Ah9BiOMPxn6Uap3C1qOe7XLRLewa34ZFjifd7V7w611Z9%2F8wpcpMk9Y18iOTg%2BKNUwXnj04%2FNjApJidtPuaeP1lffdeFi7acsrYW7rvPcLhlgcaoyZYoYLpIztWVA2Dv8jbZdE%2BWlGEPVSxSOdazkVrItHErePwLaywSNUw77NnQWYIYrNN%2Ftk1IYkHvX6cicZy44ByoaAwSkFBazy%2BdUsUY5y%2BEbixiPLtK4ucQiauBEiEMLzJNEkKwC2fcf%2FN5idL1itpQy6tGZ4NC%2FJ1wmQKwO1II6F6ZP%2FpG198EAdki%2FI5DEsuCCx%2BgSV6G4NzUMWf4p4lDvtU1MmhNUzy%2BQyHtX0lY4eO0c
20.,王楠女儿落选国乒少年集训队,25.0万,https://tophub.today/l?e=f18dFMcqBhcdipBmn6p5K8Y94wEFdVoEMrgoHj2QDWctDM%2BSmB6HTSnwYNG%2B0MxZMpRH4YLfqNu20r%2Bd%2BebBbDAjlGbml%2BrN03rj0klCEnJrDb9QiSItePVPqlBT5y7OgayXhfYIzA4yM5fVLHPamZvEzFuyEQ4H4pxGZBNTrUcYEUl%2FaqmSWMNonP8MiD3X%2FI9q0TNaUkVDz5sPOXj728rQoEkw4hiLwVFCQm6nhEyO8H8x0KPFX9quZGLGUwgdO12hZx8rdLVNHSwwo3dCBNZNkvvcRoHW3tiWqM0zIMUyt6kU9B3G80HZh%2F4%2FAIz9PNLN66C6rVRi1R3E4sZU%2B3rv1S86RASMKwYO2s6%2BpxLelB6sRrwaIudY676%2B8mnVyS3TjEZERpQ%2F
21.,外籍男子人体藏毒123粒被海关查获,22.5万,https://tophub.today/l?e=5757mxQzpich4FzhDYR2j%2BpGenU7iSSEQBfae4im1HTFNjHgyJlOGCtvPQJgK5omz5yVkI%2FMOexHc8dnvX72%2BDQsPsdss3zIQB8UUqrAaCMFCDPqu00ymIisohXJRhK9iCTthWFmORbvHXHaXUDzbs%2FRNQ%2Fi%2FDPPgn2K%2Be7wnuAEVLnrmwwqHCU535DnzApRX6y6m47MO9CPtJagNR53PV%2BnQ0y6Cv0zj2lZ2liTVS1aVtbIjL1oKzJdibTBoDJdpIgIBDwHwavnx34bMaGH64WA%2FltjcoKN6TxSf7OQLWRtdW54FsuQJYSmio1%2FH8MsBkDNOeDeeYUaty3etXyaaE%2B9udUeeArJmu%2BTGTPmsS%2FoR5ZsF%2BjzvfxCWV5Ss11MuiR8QYaSqUbUk7PE0SQYFqdhfwX3vvSg9BW8
22.,唐嫣灰紫发色,21.4万,https://tophub.today/l?e=97a1BCCZF9F%2BkGtOhlFqc6TyrnqILZqqCyHQ0OKxG8m8S%2FievcKp%2BkdXh5lGW1K2TfFBe%2B4ZJ6NTSQNnR9LDfK82V%2BB9NezAzH1B7MDYj22xdYklWxQ99y3HFTXNyQnB1vIG7%2FP1Z3uLZ3Co%2FwZEsz%2BC4GJnp8a4pqfZvVSucPs48G6sHCkuZkNt91eKZUQhjQx6YzAyadSBUekRDkCcS8Tq8CxoCionYsF7iFcSfUe8rBffOrt%2FtysiT6qq0xmU
23.,林一长沙活动取消,21.3万,https://tophub.today/l?e=7233hcEDBGYWEWn3mXVs5tX%2BTS4EF%2FkQr7c1YhVJt6ctMYbA1L6UJeclqihPQpnQ9JiE%2B3paFxr%2F6qCRXMtjGdqgqrTFFH0DNieGqDlaMq3UHIjA%2Fb1aLaGN%2F6nfn3BS4FaRZZ1pkavKuhhNoTCxOaS9yOD3MQC4CfJfHtH6%2BUp8iRsXWfXEJuFSeGI4n6EoN2O%2BrGI70p1NSFCrP6XGa2dqFIXZXDiCORrGRQ3uVIDGR6UgABSTMOEpq3alo0oNNinmtZL4%2FoGGtk431eS4AedIKX6lLsiKXEJZeaT2
24.,丁禹兮看人深情是因为六百度近视,综艺 209505,https://tophub.today/l?e=d1fe0eNp3OdcPUiErfk%2BWFv6g7TyUtYcA4SJvcF5c518eaNEgEXFflwTDjsvoOGhwCNxABptYuG0d0SCxAlHULO5roSqUiPyMk0O6JNedQ4DbbP9htJoVzUkwGXCDqR2tF%2BNLSqsxXNtt%2FAtpbrgHzWkOwz%2FXgJtIwRGHTfbvEgadhdTxexO%2FE7a2%2B1wyl5WFpKUx8xz1lSRn9BG%2FM2GCogsUliO67icBVqq5DVc%2FIEeoWurm7ogv7YR9dHX%2FGGx4LdNe3ZqIz%2BFaqbmoI6DEOGDiQFNd2ZG328DFUX4ijvGKZrvXf5Q5fWRVqGNMoNjYJmw1GF2HMnrcMmn9z9jIpp5F%2BGTjnv2iLcaT%2Fmg9kqovwmxWQLESaR2Kje8Xi0vsOPoKRMO5o5FQhEwHNjvyuNPUjhlMQKD93kj73JYquY%2BAq1wAU8v
25.,TES官宣Meiko离队,19.9万,https://tophub.today/l?e=a5438TMTKs31a3%2FsbrtGR5FUIMzJ69C%2F1gpps0q9vNoHCi8qfNnMNbdKfkwimyn84tR%2Bg3KGXru8ryid0J5NJyD%2BwqPQmoZqr11kT%2Bifv97xYe7ZJjbnysiz3pIYqIxyjFdjZt7P6Lrjk96TvfYmiJwNe6zsBAhWsbOKVvq1kgDLtbGe0l4WC2XZl3CMREHnjh%2FAbJe%2FrL%2BisPxvQMb3JO%2B%2B1k9p5wir8QQ
26.,派出所回应山东一金店被抢,19.1万,https://tophub.today/l?e=ced4i257FjC2cwlDRjpYLUNIhxDBTewxRj91p9PKB21dfljZxwHUyWV6DEkHskp9VnRignRohyaXsKZci%2FxX5%2FwUKDBosYHd1gwyQQPqSVwMEqk0b6dnTg0caw5y1x21UJOeepxT4l5v5SfLHFawvzE4ynjAyix6GkhXBqaOfouZzoyLCNXAW%2Bs%2BRlICikqAdmY6JJruynS3HudCd0rhh8ZUAg9Jy%2BDjBGDLOxS30%2FMbYk26ApSDuoWvawZe2ZlnjGCsWTMc0LFzmQZ%2FU%2BbQVYL9M%2Ffrs%2Bg1hj5hAMaSwQnRYaHMk6VmsnWdDQu1rJ4A9WHKGu2V%2BqPV2txd92eFx8nu%2Bq6%2FS1n8Ilp2CCN20h3qRPtmID0LvN3j
27.,崩坏星穹铁道,19.0万,https://tophub.today/l?e=36b89xweb114%2BoACHqVs1ZRvQzTK7seVs50VHpeiBZzUZRMYcVYKfVDHRXzW2gvUmsbnTgBk17f95CMzUX5BcL6n4BAZYfO%2B4gKY0i7ktV90IQDNm7d%2FnKV6kKbx4a%2F7yhNLj9iakH2nzdfZuf5CTznadLDrtLBRue%2FBx61C8ZeNzbpPC%2FDuTtkifH3AD5F3XDRiNctnNttkg08vR6%2FKkUEKIxvgJr66%2BztKlqHdHzExFySK%2Fq9GKckZve6VxrcN
28.,古巨基钻石败犬live首秀,演出 189465,https://tophub.today/l?e=9ca6ra756JqNafvPxaS2G3%2FxOm3fpnxzjkFQJV%2FsMLZkwgxRpkOl0ue4nZ2Qtf6PfQNzjkwr3vX889H0mG%2FslvVp84AKqZgGaX1cbIFpd6lHzpacn9yp5OuKUV1aDQhuJuIP2sC3BGowOtNaQeIHMsUxvrFb1%2Fy5hcCNgvKjTXK%2Fn4QbYQMu7qnfJz0Evc18raDXpU0NxZc3AaYgv4q8HScC4UDoKQ%2FAATPow4LchHI%2FnlTRC0%2BqrIXketH%2Bwa4oauF70PWH%2BvYegmL%2BlvCdjrIi5GVlAMXFgMVJJZl%2FRoHrNTr9X2I4daLe2FDHRy9YoQ
29.,老人吃腌萝卜后中毒整个人紫了,18.9万,https://tophub.today/l?e=fd50803ce2Wnxzc9S5XSsycEIaFYyM6qx2wHdAIVg%2Fbw%2FB0jyPWq8zQeb%2FEmogkVLF%2BM7tza05Ix%2BHERm%2Bj0i9os0hNg8wVO70vtzXcy0mEfVcshk96J314Cg6L2PFvAZLt2kdnrYCJCh36EEmfInFUJLQdS1%2B0MBPzhYXyWq%2FXqBI7m78ndvFerOCwiJ1kxHFCbkyCHrt86DRAAk%2Bu5gshbA4rIM6Mbv26Nwj%2BoxtUjq0lzS4ClXB6%2FMmG1YFX002o%2Fy70HdJGA9msxYM24j2l0CHJWYPXSIiUzqlFSUQAJKXeR%2F81CkPfajPnP5%2F6WWkqnKdzYm5wha9QoyEY2%2FIEcde4wERhs3HPyXaFfAyZu2%2F1YuK7Hq0od0U1vYFJ8NNrVopIZQ4f1x1c%2FVQGUo2a11ByEKz2i
30.,年轻人买的水果半数是情感商品,18.8万,https://tophub.today/l?e=07e9KqRlk4s51ZJikAbcLSrFKZYRwXpK05p9Dtk%2F%2Fdpqua01%2FCk5y6wmd16AHumTVJkU7VENEf0I21qHulZfxWbvkz7n6RHG3b92JVDDdQYWpGItU51loeT3kDuaaX3b1q%2FzkM01rWEfhzm8NFBpKCMHYXTGaPu3UvkkGIFNC7lFzcsmzDXzh9QmwLIY6WZmThnZcwd3iygrC9xZx5vKAFuKjgjIu6UAL%2BNUY4NppZTi6kKAAw5bcWQzwUkOq8UG5O%2BHBAL5qleXhRo9XzNM4PEnCZXbarAwEARlR70Jv86ld9%2FVvBIGDZH%2FYBXUq11y2HBArVL3bKxUobq4A7ck6JwEZSTTPUNbCahYw7kULcRCkbNeRDW1vz6Ty92olb54LuBQAmE4KpJp%2BwxvgPaiPbLnwrn89H2E
31.,张杰唐嫣荧幕合作,18.5万,https://tophub.today/l?e=b005St3Qcl3IL86sfH8Ecs2ptW8xOi0pgjdw5daehDxjxtu3osg4cxvhsBOQpWjbNR6%2Bjl%2BvfGKsBMQnSvSBWfE3datcddE3FLZeprHIXfFDzktIjr6lq4F14%2BYmvnCG%2BiAtO2eiLo2pLc7wninX6CTg2iUr2dQu7TKYegmadpEXD6VROyxaDqe5Y1UrNesgl4ZHm5Vrp6jLLd0J1Ey6NYLXb8S73nGJn3cvKMjh5Bx6HCrVf5ylniVQkoFNoE38p79ACcRP1ziRcpftOxiBmD7mnVUC89urE5ZGnf9J
32.,王海质疑李行亮麦琳争议为剧本,18.1万,https://tophub.today/l?e=2947kBYnKQ9PrkTFKQ1ojiikxre3pRE4KpitJRNInmsYSVMgw%2BBgQkrgtbzNt0lFwBMDL5oftBsTyqTiqKclom%2B5Vwxdh9VAuzxUojwRFZAw1GBrTFWXQtozTRCYNvlQJOvF5yCl5jGlCOgwRq4TQ%2B2nv1O6I4oFzKVBb%2BH6lS1Qci8tKI%2FHD%2BuND3a2YgNsh1sKo%2FdcoacZXvklpPS8FSugPmTcxKrJxEgJpJe334MPNx%2Bkk8ia%2F50%2FzAp%2Fo3sAl3r8JFL%2BmtzJyg75uEv%2B7o%2BQqMPulnrdKzwExWe8PmCfP8JJpiUoTlUtGAbOJFzI%2FnItxR%2FOfHwOJ3s5IfrENvs0Xps5UdEotoJ0a3krOndWUYCTVP2A7gM4rxJmq6WroXPW7k4q%2BzCEqNNSOPMynEuIs2LhWvaW
33.,老师向家长借60多万买房还钱困难,17.4万,https://tophub.today/l?e=a1ebiDVlEtYmeRvvd1z61D5ZqvzJuki3lQVS0HAaO7FOo%2BBu7Qb1MipgkoC0uYtKzBXqh6UE2HaVh%2Fc4PAzlJjBvTo%2B70w6RksLRFnB6rjYFkj8TRKjTjq42YxSWsJIdaRJOZO6Q6WEZva6VSrz2NuQYJ1QMkLPQ65jtAORm0wlXRKZK5kcl0z35xzCesXGeyJdALen%2Foh3TTg78CnGxZJ1DBwMdRzFnGvoM37pWp%2FtAmlz1Wr1dSzGJV0n%2BvvcwR7QNGJvtoW1yLY%2BDlE8XqT8IqkFt%2BURPuNd%2B38FaR8ocKnM07XfwlaYTUz8FXLIkqZFIxlx67ETzHZXiXOd%2FCrqFCRmPkSsIM5UOoRC4cChN9t0E9iPqZl22yB9PtEbDieXnOrts%2BgXaKXyKeE9xYQ97qdOr2%2Bs1Iv4
34.,南宁一家长称15岁女儿孕期被砍伤,16.5万,https://tophub.today/l?e=47a9MQPUA7YAXu7%2FYfhbixxyyv%2FnAF6DTw4WRc4o7lknrmWDhF%2F0R39WedsVIJ2t9vv1hm25z3yu62tZkhvZLpNZIFA25gxhoLZZxvDbQViSIZ0F%2BNdOUPt7hfuP6rl0voutN5tfEPJ4cWf4V2SkfAldKKQ%2FA5CF2I8kx2dqi2yJuJ9MV4Az4KeT73mlROKsuKcT%2FV2PR8i5pkONzo3VflBUYBRrLJ8K3Y4XY7Nx3mvMDeYru%2BLKWnljAYFr3EZQYw%2FIILMz83KjczT959OZZs6geuyj5RcKr%2Fmd%2FTdaSA2kCRTUCZT7OOKUyTuhnHHtf3UBkY1okIxMSOy9hWF46fKd%2BHkD1C6hCBOu5YiloAGtnd4BgdTAhLHreUa2Yj00REH%2B8QRI%2BMe%2Fa7yDyb9TUchfQjYfRy7P4AI
35.,珠海户籍居民可一周去一次澳门,15.7万,https://tophub.today/l?e=1a1fKlPeL1mxVIjvCMiWNNnJZynEJwl%2FYr4EKkx2tbLes9ZRbDKGgmrKTUJvvq1PBGHkcQLa%2F48cV5LYgPx9U2TET3EGaZhkkQTRgKcZdd2iaIVN6cYaJ%2FpLjf4BmUhwCTajJiSJqVWmDyIY%2BRadUkdj5kq46Ah%2BXdWaZIm7dMPRfg%2FaYlvP9LvxC%2F4XW57jWF9T7msr7z0Mc2POr1oWh4eooQNh46J6wqU502E8MZHHpkKKhKtOzNKnlvx0nE%2Fwm9uEILSkFp7vYoIx0JLYhedFmOjIFkw0jdaVKLWGGPmQuk62LSuJMII8ELKRJkSJzow%2FEEiWpSNCyuJsK779lqO%2BKYB3HIKsRwOgZ4idjjjrohIVVP%2B%2F2CpLbA0Nv7Itct3HHAqfTGbMkehCbMgJcEP3LPHbxf3R
36.,林一霸王茶姬活动,15.6万,https://tophub.today/l?e=4830tcIZZBVqgkj2WXwThQD5IGmK%2Fs3eyZjXi8cj5qBTEk26jaEirbpyRHqsk3wlcVBeE61h6bqr2jbt0jhbHpHuT8Rw80khJ%2Fg7XI6TskHuL%2B9SUDB%2B6%2FSbcnhvyVb%2BEwVOi4%2FVkO3ZUbq0Z7vaOQkrusdiQh6D8dk%2Bpfe0tmrEAQXPCW1wPxZ5iVH7lqaCdC0%2FOC%2Fsx9lJSReNbyzTZj4HuljBCEi8ImOYdjCnt9zjlaGHtVubPDVzr03nEQ3Df5dZzb51%2BTUK9aL%2BMWhKsIYiS9LszeIqRwWwM3NZ
37.,卢昱晓看预告片才知道不是自己声音,剧集 156116,https://tophub.today/l?e=e9d6tYwc%2FdvkbFfy%2BIcJHUee2%2FfTlYur1Nb35qN832wk1QJ6eL%2Fbp4%2FzX0Yh%2BiSqB3rgzmghJgQJFAjiwqhz9HKhxJPxX9TtVnJfNZ%2BDjnMHDoLyjiXtJKI0N935Tt4akfVhjj8%2B3bMp5qbvxMo%2Fiuvarp9BkincH8coasLHDUhX4kj8NEpVTS%2FBJys1Z59x4zVFNGnKOFr4eTGxFapt4ZMxmUBlcKQ0ehOHL33TBZVeR0UfjLIlIni84p2%2BwVPKOgWmYdihF5iOsHexkxkGh9KXsSwaYLHa3hZOGKgq3dt87OIEWuKMdUwAotgc6vrTh1TyZYyPgWMOY7o4%2Fs1eSIkIOF7BmdA3ZoeA8Gl9YpOTH1hd8ZBxFZdr9rFuwGBq00A3wwaQ89pAKXpEnsr0yWysZ4yhGEYnVM2oy4ach2psZYVu%2BWVpTDpG5FT3nUeoXUh%2B9BbO
38.,奔跑吧揭秘穿越千年的东巴纸,剧集 151335,https://tophub.today/l?e=613eZZzHEXOM4w4PXTRdHiwQq5nKg9WwEw55q3UtZgo5hmF%2F1S5g1E2j9%2FYHAlVYf4cengak33FgLwAiK%2BhLQswvB654YgJaXh%2FrzK7FU9qlNr5dnJHAV2wnUZaA4HcNtBsdn9DMcCEquqaZ%2FsAwt07y4oWTBdnI1ZBRLzerEXFe%2Be96%2F%2BH3ieYCn5o20JOT9Isb%2BvM1s6054EefOqjA4%2BE0Ru9mmLYTVbYf7918I2wQ808VkLxSnqYXxc8eQ9021j0vk9LP%2Bh2X9%2BJUVHDv1urNh%2BG2J2gZa78%2FjfPpsIuR1FcJybcwT4lNCKVHP5ETL8TEfJeMDw%2Bwd%2FEvA4k5TD%2BWkZ%2FzFIlDqC5sbDw4w%2FSvdCkXp0xvpvSI0mBV7pwDbutltupqZSSI
39.,丁禹兮 包治百病,15.1万,https://tophub.today/l?e=909dD6ITNROkh9MmnQgyB2lbkN9pzy4M0BWehbxwGccFDPQnf0zeGmhcmkGG2QrsLCjV4QIKdS8SBWAgwJ3xlBH9wOM0A8uqOPWEfBc9GEkE04o9fR9xYCgownlEXEhr5ZlYFGZq8h9%2BhAs4Ftfp1eR5UODagU1ravpMK6qhfyice7IbaHRZGio2MpFie1gRylAiIOPImW%2FuxjxWrc%2BsUL5rOxtaReK0lqR8AgPn4wQU0%2BS4T2ZHQ1NcscfViWnx72T58JDkxe%2FB62kBm21Vk42A
40.,央财教授称股民套牢是好事,14.5万,https://tophub.today/l?e=0670blP5yICFgB7Bm6sDEfDpWlTH6qrDfFP4IGzMBwD759tUC3B5YzXwECRjvIdxxa3yASow7epjf7GkkIEHrjmUsQdTFjqNZWQV0CAz2vWCFSgjw8zEF1MofimRayRIrAGfxZCmCqLIk2KtEEBS%2BZscAuOKUPhFMr%2BINMwG8%2FQkHKCZp73DBGU1GwAytfSDdC3OZu5%2FtwzpkBCf8WNeOTo%2Bjr58nwfHIxeiLx5z00h4LLGr2KacqHMAEzKcVazbSuo4TOhtDi7qmsagqewDXSMxx89%2FHNFnXVhmjdKExK85Akg8ymfs2IH9R2RYa2HNZVgoOOj1DGQtXCUBpHXTuXW7Lp6%2BqqnNvGWa2GqMeuG6IKUlO0i6edGo
41.,你家的筷子多久没换了,14.3万,https://tophub.today/l?e=8659fuy2TdzmgMf7r8UFiYPa8%2B6Pgm8hN292mEdskgEICDIFv1ACZDwERQhmaTeIahVg6zqmbuhkeyrOTSgF%2Fzs9RoGC%2FLD%2FQDxrx92k5VL1vO6ddGNebbjmXKTVu7w3AR7Mytc8kE7v6sp7itSDMoi510anBusX8rHmKwhgM1C%2BztyxM8T6ngkUkTwQyOgIRbb94MB%2FdeMT8NRhf6NOPpP7hnAsrGMOIGEE6OIbZpi8SWy1LTBFlU8XFHZoaMQtN%2FNFHH%2BSSK5Yl3NlrQa8P2d6sxd2E1E%2BA3o3c45rmGs1umSUIjrVG6CUfnwC8cC73B1nB0R9kCrQ8BUc
42.,杨子黄圣依 人设,综艺 141898,https://tophub.today/l?e=4f91jXEeR4%2FInpzDvN2JZ2%2BDbtvzaIkMvcAhp3fGVsb8sIBNS4i8TceaGLi4x8VjxEvFaz%2F%2F4U%2FRCik%2FhpQ3pTA6zcFWr6233BiQOQ2kFNyk%2F699OxPe2fp3eX1rlJtNsWJU1jtocc07RP0muocA8CNWVRX8q360h9fvwAKJp9XIbAaEsXsMN1AL78om774i5j6EJU%2ByuKUayQsy%2FRoAmkm%2F7Bu%2FF1wPsj58i5KR2C%2FmjBtlgbNjWgR9IHEQYE5C8%2FqhR%2BQQiMLdlyvKsukpdzjL
43.,侯明昊无处安放的手,14.0万,https://tophub.today/l?e=8dadQO9rINLiab4Eaf8RBo4O3jXfviX4pjeqQWn0o0D1yR6NkxDSUJE5pPRuqYZfuKYscq9lKbSzHTfjilgZ1WxkB26HrFZXW%2BQKtjk9qFDsRreAYFu%2B8Nj5XaLesg5W2ZIDnfHEvilc4s4EqaFMzLTnxyB4nqsB7y39Dod3STDIFcc3PMsSm0ngs8erjRDqDEms1gVbbhJnakSvuvqP%2F7geKa%2FFuybW7oXR5ttJdAnYx6VQ9z9EE4u3g1HV3NXcDMIRY2fFKS9x75RzJJZSMGcIJh6HZjfFYLGO6OyN3VbhKgcvw77UENuxxAvC
44.,冲锋衣成顶流是靠什么征服年轻人,13.9万,https://tophub.today/l?e=5218fsiM0moW8L6vjD7T0KcoipvrlLG7knzSkTzIClhfNAmMABSTwqLjVWRD4c2E9AX8%2F4WJ9anNpfXh33u04ETsDCiDHEx8owtaqUguxlmkskY7O6y6SavoZjY3AALAuBJielR%2BZtToqbK7rUKFGy6VdmcRTHxIbpuGXzHmxfDey7A4JV8adpmSZe3l42kC0bePavuU1JaKWtmYKlqGVwsdG6Wm0KCUJa4abZdRJQqb2ZV43wqTm3aSXtW3QqrTViR%2FXY67tla%2FyZbo5F2LOj0TqJ4HnSdwtePbMIupe6q7J2KOanONBpBC4haPFHpQCSHV4qc18%2BoEtAfRD64tjb7smQK5RQAEATKRNtb9%2Fc0KMjo%2Bts1dZBqUNhTzetdT%2F26XqsrHMq%2FjIejo%2B3erNoqvqNnfQSkgtEzPJ3MMJzlj2EK8bf25
45.,陈少熙预言家,13.6万,https://tophub.today/l?e=7ba1rqnUvGtHAqrAA9EFhOGBpKoWFuQQcFsvYtWtxYVMM0ClugSypB1ks9JHsdY0o1Rv%2FSGWxz9L%2FxgSKTpbnPXfDQuqFjDimr0EYMHPXo%2Bj81O8LNtVQgCz8vqCp6sQiumQrrayrn%2BSwODaY0hFm%2BAYQVTrI06KcOkii9AUU1w71sFK4%2BA2sDsoL08JZYNbfRGS0WqUNkuLo64dpG3opMnbC9NirXOWnt%2B5qHuEQdHUhRi5qkr4%2Fiz9ozCy0Vbk
46.,羽绒行业人士谈生产内幕,13.5万,https://tophub.today/l?e=6b49rHAM%2FbeORk4BPDwCuiEgBO92FxYJPR4aBepYrnEJf3GjzGMXhiCJFFbrNzWvT3b4d9xWYnjoa2v1vesaoHKXHcuS%2BlPlR3xeYJGgPjfwq9n%2F6q1eNCDr2RTfWnP8KhLVCD%2Brximb9HimSyDqtb%2FIGCCZwjMmfGB9ZDIagnORG3zmGs9eO1NWBQ16LewDL9FwdCvDMcdSAryAFy0FaVVFJMBmIL62G%2Fn3abgorvrx0L2lXLq5CFV18%2BUBqXP%2FbJErksz4ofoazrsBlSA7NMAK2MOCf0uamj6UaDRM4htEtD%2FBx7VP%2Bsrr6ynVQ%2BrwcvDKZWK2Mpc8ymvTinsdnZfaYDi1Bugv3klm
47.,容祖儿心淡全场大合唱,综艺 134258,https://tophub.today/l?e=8b25%2BK69QcVkE6pk%2FekLuovFM6dw89XRRiFJg3DlItDz1xZ6fmNXLeMOic9RRAkU9%2FVPfMD3%2BDSAFlpJVtJQ8BAPbMSWFLRjOegK8Uar4Jlj%2BQQvUH%2BRV0ZaR1YQzfYDL7Zg3YR4Wtgo1jquDiziz0S7WOI%2BDG95AFvGtPVQ%2F6gDvSXc7zY8ouUAkQ7OYngdjaUtWpyFIi5kaPx9uCw44VrARe4dj2GWHFe%2FAo7MzURIDhZNmx1rN5%2FqwAMglOO7iWEnSSRoCyyYSsqvIA57Uwc0BrTFhe6h0%2F%2FnUDu2FVXMXhaAGQYj7RJwWV00DJScC0UZS3pcDW7x0iCx
48.,张杰第一次平头,音乐 134225,https://tophub.today/l?e=46b92FdZ4ZgOwxepwxJ%2Bxhbf5UdI%2F8R8PHGghkj7U6lW7l9bq%2BM7dNWGtE0Pjx8yNs%2Frquc6s7p74Y6FMIUEXUEoVnJdIFkintjBRNCI9oUP7K3ObrZ1ckW516WUv58S%2FOmc1dkfQlBF%2FwrbPhPTCp%2BJFYecnmT3BqOVsg91Pu9U5uaK2%2BcUivrOWwnY5UJw5oalyyKQyICujK8Kr45WHjWBAtU2a%2FfdYmlKnQijn0ZduH5jwm3EL3DLnm0ddSYsItGkFPMDP9a9shuliRmc
49.,筷子用不好可能会成为伤胃刺客,13.2万,https://tophub.today/l?e=9f3dQvkNn4snt34N0mczrU1aYDi5zl5YmNYkEiIXyJE16XBbjhyQk92Dp5sbPydRrbD%2Fts5DisH1j0ZqhWjrbUSZVDyQAWkkuHuNhWOyfHE8mrZFQzgvVsAhPsHlZYLIwGYGJu24LoOF%2BWeqwAqjHwd7UplayfapNDq%2B44Ffw5%2Fni9PkeQq8rMTUCcFwcwJZmGFqxo4F10T0Zy9Wd101qIi6rY0cvnK3me7addgp0j5QV6n5xWiiTjqwZo55fV5h95ABhbVoOeVGP9891wNgfBzgr1JZn9COjW%2FXvjnbDUWcutZZJnQoEhYernCCX72qtlzXLtScqFI6gVAoMKkJueNp18jYykNWcbYRp35bhGcNvTIspR1tYW%2BqfqbUpWRK14q67H8YUa6LB9PxSnPOeN5R5ThjPdCO
50.,巴黎世家售出8天后要顾客补1147元,12.9万,https://tophub.today/l?e=f064hALasfo2GrZsbzdAIClVJD7y9yXAIk3v90sj8VCtTEJl%2FLWwFYcT9mWzvFzKvP48leW8%2FfDsPX2kRGg%2FJKnI7%2Bzg53qim6oNngkfb0%2BHUalhJqXV5RmDD9ITiAAX4Lmshjt266x0nr51y2Hs%2FNLo3WEIrc9JIy%2BkmGil3bpAdp%2B4AmrdasoPR6w9Avc%2FSNs38bgokeXrLP7yeCXJTBcZjOsuVdLdcaaNlPvedd1%2F3CIuHZn%2F4zAlp4XcpeZmz0VYR9K5q%2BLXdzwR6ls6qv5Y%2FWvzg5eRCQcGYsd%2B93R8OS4Qdityl7yVnDJ%2F22MLtdzuWdyWo%2FyUhR7dgvqhNPdoM3tF2BAha5RIJM9NG7qHIj6sI722IGxuhaObPNmzsStAp0x5t6NTsG21d3A
51.,虞书欣丁禹兮意林少年版,剧集 128838,https://tophub.today/l?e=6b8cSEfMaopg4UrRLCpyozB4fRZaR1%2B0vw%2FWEQsArpVePT4NUx1JRNqTCYgdCeHrjfLGI3WsYzwZc%2Focb3lEKj3%2FQ9onwiZRnGx%2FwZeWdKtUVZJrabwqG6uk0qdl8JAtuD%2FTpytasD2IBcpIO0wFYYQfHNLldDma6njN4uADKYOGLwYBa5Fu6NNYpstDR4eLjCAfhJtmzNsjkYkI0ZFgNyQguP0yrFSTiz%2BLPOqLGWeWDUCbhVxDrgJ7whkXnJ7Robhqu38CpFayr30WEtrQjluN6sMCSQW4vEVw6H%2B2T3NbGL0qdUZ%2FCs3eOGgcZH8PBtcZ0uUeQB2fD4MuJYuhCDAZomiq%2FMnXxMwt
52.,上海体博会真的太好逛了,12.5万,https://tophub.today/l?e=8539hwjHxYBEEn1%2BUJu84OJPzLBiBL2FSCkIqmf%2BFL0FE%2BtDEnAeaa4jDtVcochIOs0jjTJsZmkwWtpbLSTCqIJQQX2F3Peo7PIc9WVEy2vTZlP02pYQtktqefDnIo8xQY%2Bluo8kMfVaHqqk%2BDbxroiWMt8Qvbb%2F9gQ4BFXLbBAKG8Bjs3rkcWilYHaNeH3ylVvOLoVQiUcIS95U9tuViJ%2FXKuOfR4963%2BtNRCGUP1JZqDkdtQhV6AwZiAaKL4j3lljU6KP4JjHY5Uo04rb2WYbDuy53Jkq9HE9PZJ79ObPRinfj3d0Zmc7N%2FGf0MGhHnSp3%2BLFMbym3K50pD%2Fc1BcgNAgPiOKd1aqKv
2024-11-29,古巨基钻石败犬live首秀,演出 189465,https://tophub.today/l?e=ca16UpSBeYDip36MJdPEkXAWBKZQSeheAKRkxBr1eur45r4%2BlJtUS7PtKS7Y4Iefo02FscOMtRfAtQQK6zx4Er3EQx7CIgQP%2B6CHpS5i9oD%2Bg4kgi21Gr7tzUR%2FXTJTdKJgRGZ7dnURcRvgKa1RIyNxFeVJ48%2BAdA5H2iDm5ZEMto1yKgc3BkKT02vSwEPIxaRoyE7jefdj8UO7uEG0sFSCMr4wFEnq%2Bbw4tXiNEyepjZ8f%2BukQkD1CpNW0CZu45FAuLgjgAJ51GyN3%2BBiCOFOB5hw9psgD8U%2BoXkg67dvL3VDkQuZFYq4jKCPAfEwZzxw
2024-11-29,巴黎世家售出8天后要顾客补1147元,12.9万,https://tophub.today/l?e=594fYXJyrWc2%2FpUO5vazreMlYpD1x1RC9GAq9O6z9yhb0AdZtKGlQ6CITg79ph%2FD81DNMXyfsPl5xfjNq%2FrzXJZ9aOxOxAbbO8WRF4hPOFAdx4z03HWX16uLXgguhcurb0p85zBJAwPYBDFLgMTEalcJYNmptX2dqU3RZbxqDrnWZIfPq%2BI1W16JcvMin6raUOm75F4uev%2BvSz%2Bmzmtti2BMBSRhTW%2FgdIJ7VeH3rqrUJLkiWSxxUHBNig%2FdF15A0CYahCPVX3Eho5hyAdxAtXOjTQC6qTSL6SZU0jZ%2B65oiVMN89zWsqZXaZsHWMhC1joNONPtj0wxz8agHCULyIWCVH%2B2nGoLuOWHF%2FHu4lyalKBFAFVhMKtIvlVFzQr2%2FsQzRFnauHdhn5loS1iI
2024-11-29,虞书欣丁禹兮意林少年版,剧集 128838,https://tophub.today/l?e=08e6fx%2FVjDKGj1GmZAmyY99Ld4ghP%2FGobXwOFdyUw%2BBs1QgbgjlsuPrVhKGVGKHLPbJbsx27i2McligkpC5WAtEJhn8N%2B5eTuHQdP2wvBEFRSnuAN73Of3t8RFzv5VxDa1cPMiQtFNGdiUl%2BoOk95HDVBgTpDqAv0LHkqk2N1Eb1g8h6yPEZduPoZCte9mtkh6Sx2ZgL%2BzvJOc3rnQpUGy6E7t3Bz8jeijJOk95NRzgaKPXdw9jrOlRsm4bZcLS30QaI%2BXqXgZ8PKa1xiSxcD2xP2qNn0nnNynJINyz5RjVuujXijahCILDFDh8UC0zGwt6ONMqi0zbm47qus%2FID5JqtNZkemk8u5aTW
2024-11-29,TES官宣Meiko离队,19.9万,https://tophub.today/l?e=82c5F2VHhxnOGRKwWezbzPqi2%2Fj%2BvO9AEgEXGrlY3Sj96mT%2F%2FrsHHaOLCuKAdtaw2VczZ%2BHHU3vtIBwBhkmLaWrxrGRO7qpwGXNTSAmgedQ2L%2FsJLvdsqpgf8L9g2PrWR1xOCoGOxhvbv%2BWEBnG7EyezssjI0kgremzyM5k7VUYWwN9AhNZAZXUyMn1zzq%2F8rR%2BQlv9B8YnglPg1meNgiue5HSUsYfzj%2FJY
2024-11-29,唐嫣灰紫发色,21.4万,https://tophub.today/l?e=ff82a7551RYvtPDxeCtovpSuMugluyHB7%2FM2%2FX1Wgx2BqiV8WjXUSU%2BuRGWB1U93sYxHIH2IJbI74jtHaxxncgovMKNRRjjPWvPw3Iq%2FUi%2F4o6NkDXOLJ8WlU5qfuS6%2BSRsLbzNIz63sNWy6EVULHmmTHYC9uvBzJdQEpYxH4V9FgDHPHbwBF69%2FAFiY7K0nqdaPk6iMZBtvCMlQolm%2BmVcCW0AerXjXucQVDv%2B%2F8bSvXDNwUgyJheIz02kD1slp
2024-11-29,韩国人的精致穷,30.9万,https://tophub.today/l?e=1421fzkWV2MQ9GF99zpYPKqj2wUkgLGNd1YPfbJBMkHYwgZtrHmZH4PhHskX3l1Jmhv5Y4pMJ2o93iW1OC5%2BdmSvNvu8E%2F1ZU%2FGsd9pDH1SMat0a6Q%2Bs01H7AxO8bCSvpps6GHes98yCYf4V7%2BdrBkOZ53NAjrWRjAU83Pc8ss0IfbStzCv1gMx06Aq8yXEU%2F5Q43TUYrlxPktzCNuUvg34qR%2BVgks2fxPJYCrUgmG83hA0DtwQ2UcHMzgabc8TvdvUiKKr2ep0w129EjWZR
2024-11-29,林一长沙活动取消,21.3万,https://tophub.today/l?e=e068eZGuH7aGXNJwLl7RtCfcIcBjUHimGR%2BdJ71VKnS5e3Jzumcg5E3SAayiUhKxT5MytmcNsmVwYj8gw3tpIfvr3rNCmeqnDOc6AA8ShhRs8IhfeMhTUQ8kVkDKHpbvJeZTiCerneecHnwGoEeL3YWvlntgDpn6x7GXBZnIDnmtQT4CwsD0pyc0r5NIb3ze5ir1SIv24mMECFgnsPDi1%2FQbP1iCmtR%2FuYJ2KTg45kFadEnNyP176VVAjfgr6K1cRdcj9BqcLNB5rA0aIr9F7uc3cOE8AmTW%2BUw4RhFf
2024-11-29,年轻人买的水果半数是情感商品,18.8万,https://tophub.today/l?e=b256p%2FYnvsdeEqyxZcNfotVnRoe8WaBRDFNYwUzNGZuC%2BX23yjMqjdreNjjdWZ1uNdpzNGEnf1JSkPA4zogFLV4uJhkDUzDQT%2FOiHvFesDek0MYCqlleXP0R3%2FssqY6fpGwiE7NO1DQ4Bd0vGuEJSUC3cOGXWAfh57aid7IBNhxzIXRpS%2FY%2B8AYB9198zIOVXGrQM8JxgowZAsqcYzBrCAMF2SGllf6ur6MgaknUt%2Br2a37aSZXPbFKnFlRtBHpEy94F6Yw%2FJptSo2iD2Hwj%2FLxcKFybobF%2F0F9ouuVIO3iQ9GJENncDrbeWJciuOOyPbOqJo7LmHIE8IBo6sJ43I65Zz1NJGmwDuKEXe9G83jEkO8a0YMJHgcwIhC9ecVTGR%2B4YIa4HfJpBvi%2Br1UcsuPM0%2F2imOkyj
2024-11-29,林一霸王茶姬活动,15.6万,https://tophub.today/l?e=051bTUuF5hnRgfqM8HHe%2BXTsR7IGtzNTSaQcQJdpUi%2BiQysXU51ZHgD59B5xJGxTtb%2FPca%2BWZJ9VBvrhYfU3%2FEm38j5UETyaDIbYhVJ6tgZcGLuYLcDDUGXxXh3ywaF74wXa%2B5LR%2FFIJtagTjoOwTlAw3kUM4D%2BHaGwlWymmUm85p88yRn72vd4Blu%2B3%2FYuICd143jsN%2BeNgT5HkuGVl5d%2FTLzfTvwodznKvN4CC5nC0me0YkZBwzWOcl%2FgJxohj6%2F7Sbl75cJMQmxxKEkSPjlBSb0iKWEQSZ%2FrNmQHv
2024-11-29,侯明昊无处安放的手,14.0万,https://tophub.today/l?e=8c37KX4rg%2BPhGDOSRnYSOtN0ibs8oiBZXvUzRTvGKap5R5NSh%2FA9gPI7BAqW%2FFqK8nybn7sEFb4HC7h3uNOpwSwmepcCSUgv%2BBTy%2BEVZO1et3mE6fHjUFk3JtNMl21nkiy1M%2BRrfcljEniNyzXaGaABJ%2FxDn2awpmgQBgAdpOj1ReSFgpcwgAP58fYCqnnT47ZOWS98MARacIeaUH8UHWYUQlX3WiDYjSqQgFnNQDKlHDK7G%2FBJbdOrKE1bsmNwvi7mpVYDb%2FoMj365MaJe0KYMkuHL%2F2STsgBoI7MuBspQ7Hi7UcewZhhaHD3V5
2024-11-29,上海体博会真的太好逛了,12.5万,https://tophub.today/l?e=8f62dWqWJuktEgYWWYaAF6Fa5AEcRDxXdxfQW2eSEQyrSIc5zolSG7%2B39ETwEY4EAWSG0f62P%2Fxl2i%2Fzge6LeAklPwUDGPRB5elJResEoyQJIzdY2FgQYq1tCQXHhX3VJiLLfiPTagILWDMCj7ca94snedpTg718ANp51%2BxZTYBFQ1%2FbgaQfszQR0plDiYYZRQ6qCks8nJAqGY2IYyXlQcwDEl0CwNrvL0a7P990qK4n3WPdkKWiS4gpds9UQoXLiD%2Bp3xI9RXmsf0sJx9%2F3215TvPcIf5V8ID%2FouDTkkem6fmU%2Bz1D5vv4LkzvVBiJHGf8y%2BnbQlWdgHDY270oRBXbxQ90FoTcvt%2Bsf
2024-11-29,容祖儿心淡全场大合唱,综艺 134258,https://tophub.today/l?e=7973vBcX%2BYgTdC1LtOJ7bvi0l2qGTjhpFVGibabhbWEkV7pASK7i5Wj2nqJklrUovaEGm%2FDsKIk6ssqbShFV0xOtSa9NfU7qqj4E%2FzDEbzCrLgUU%2BSgsNg0xR%2Bh7MvcOyow7cpp%2BkcwLRtwQSf7U%2BnRvbckVGaA4zdR10xjfvTZUAPlKR21Gjly2pabZyNQBMZhxa%2BDO7SUYzqV7XfHmw5ShKwqn5cxEgsrRgCGJMfEjp0tY552jDIJ8dFg3yjKSSxD4e7c9bk8KO7SU19A3QyXQfT1ipR03iGVW8YmvlD2qD5FbPqHKO6vJ3e6W5d1rfBjn27McqezVPI25
2024-11-29,王源头像P了个新帽子,33.9万,https://tophub.today/l?e=d52cizp7ndB5wpmfIkcVXSm7Ow8Haj2CdY1cEHU0Iij1QZVWETh4vOJhxaKhhFIYxYas%2BX6h8kagw426%2FEb4FQ4eiwy%2BjXeqXhKT%2B3%2BHQTfueHfN4nYieANfJt9ZCYVb%2B1gCmieCjKRU6JsKcaEmwHbs8od6RUlPZ411wFIt%2B8Q3JXpemtBPiiEfhoBheDGtuK8nSuLPOAl9q0agRK19sYj3s0HmOocBgfF%2BVvKUuOoOU5%2B4zod0Jjo3%2FAwJ7Vfp5cElt8RCaANYypxIkrp%2B0i9dge%2F5XK7f2JI4U8NQHbDGtUgAaoDXGvambihgtQ
2024-11-29,再见爱人4第七期视频没了,综艺 361721,https://tophub.today/l?e=f394bZyR1C%2FCnqop5Lz4I44j8D0JBVHiBcvZTnnYayzhR0hFKEAEoKq5trF8lPJKGVKCr16nAIEvzDq%2B59dl7qIHw%2BbFLGdaalVolRo0%2BE7DB%2FNnh3OinqBRzTS3uAnJbL9aAPFYBzRKKn2ZGp4RYGjw3ZoVxZrkb%2F0ApL32DADFtwddSeSmA3reeogcmqs%2FvCJTQaloUB0ArHXV%2FE4pEDzWAKhih8unBssxUVRgK1wLzZExbYBpKzBNhTMVgHzG3EsVmxjHrYtHGaroVcs%2BpMakBm0hquNCXU53T289rn4VSG3yCv3pGvfdi%2Ba9Xl8yWEZKQ%2FNwpOiVDju62q1eNDvDoy3K85QZus5Y%2FA
2024-11-29,优衣库创始人言论争议,151.3万,https://tophub.today/l?e=7a52cnVvP%2FW1XWINW0DKHn87VGwJFFC3eq7P5xU%2BJb958DUabt%2F%2BFDXL2a9VKEc2uuXLeClqyFUkcdjyMTvwJWqbb5lgjCgMx5MEYv8izsdtmoZG4KGsFIApSP9DXTmm1jHtfBEk4GGHa3%2F%2Fn7Tj094Wm53wuXtLN1dMTwg4UeYYta2z8t7MNWcMCpmNAJHiw8rgDVjn6goSYt2jqPn963pUdTQfNJjyTUZ9ZY5yF%2BadWmvH0f968fas9ciPbBorUuohPcAryZg8VLfkwFJu6xXayNwupRTkt2p2AmX9WUfWJAHSien7Kd%2FVD1sbEFwIY52Db4wtWoIHAoaa
2024-11-29,丁禹兮看人深情是因为六百度近视,综艺 209505,https://tophub.today/l?e=1babJN%2FSv%2FSu4I%2Bx00mlnUhfF2fI%2FAi%2F9ndVaHkR%2Fnf5q2hVwVzqBGSsqW2Bmqpxk%2BN9CJdDnINVZJtqhXWL%2FN6oKOme4USEMe6oI38KBRFHWrBdJ9Jqj6kzH69Z3tk8oMUkj5sU%2Fu15%2BwI7o5MwdcgwC29Am6fsDH%2BeW0DgEctBr%2FtL7OxmBmuYaNyDO%2FL%2FEYYBY1AWPZb%2BNnYkMItp2zfF9wOuLH9LoMBOYAMUBJlHE9NKZu9%2FYNsA2DmL5tVOUfWgeoc9aUeb%2Fpu8PYDAsq6yhJaqImvbGhX5tyKwG3hab6B8tZXPWjKh4%2Bm6LL%2FlSr%2B8sSxRoKh6nj1ukU0H8fxtlNhF4ct83If8C1rU1OD010fXIH16D3VCuodqRPWpxICY%2FdJIMTdxPA43Zk4ZWn2hEwsy%2BvKg3FWkddrdUjuEtlQNtpvO
2024-11-29,奥斯卡宁荣荣 新还珠格格,剧集 126779,https://tophub.today/l?e=a7e29YqrsaeSKNJepFnj00%2BnXMWGVP6upA4e5QLfuAsvWuvgyadTMhU%2Ft9%2BGs94Jnb7qXXVTJ3cjvxbH1A01vdnkj7KOMwbjjVjiR5qawMxWKCVViR2jkBu%2FbsI2qpCbNIQRrfhCvYtijil%2Fm1Kj2OiRQmGYalTQSGIQ0oQtUxuWiN0s8tIZByapnyQuvPiY%2FaX%2BXSZjWtSINtwRdZLUC7jPUGSSkHE09r8n5a4UdctEeTWOuhcnWomI0DMf6%2FJ6jpUGMu6kd7%2FZcR%2Faqogzwkk3G81A7fNT8GonjgX7kDdnjfoIEPrWVw8mu7i1ZyPCREqBFDoxQf%2BfL%2BFSAfj%2BbkrkyMPWSFlU0BCXexg%2B
2024-11-29,丁禹兮 包治百病,15.1万,https://tophub.today/l?e=d47cUX9crDLi%2FwCm0lTBIiSb9D04TJ78P2NvVLlvhSYvEFmq2qP8VNyBVuWtHR7EUYxxGn91Oe39QlX%2FmDNzoCkS%2B5HoCHk6eScKGnno9lXg7JXdKI8jNSctDkR8de2%2F0iVBQUTRhYeJqAKYj9TmkX7Qf%2FIng6vZ1vNLbErCovJ9EzFVz%2B1Xqf9VPtbcgzffm4x2H8bPDioFNz9Xqach6Yz9GzPGbQ%2BJKqXgoGVRQzX9IxL4%2F%2BWGkBNJ7CFHptXW4xod8viuhucyUVkfx1hDCeeQ
2024-11-29,孩童被未拴绳狗咬21天主人未现身,"146.7万阅读 | @百姓关注",https://tophub.today/l?e=7608QbmkzVaZAL5mryTU5Dz%2B7Lvkp60vXQwzlAvfj19AiZAU%2BMkOq8y53UcyJaqXqUrlcSjgSr1bRBTdzCFOtI%2BDfH3FcdvuZgnAPw%2BS3pHvRY1ruWqAc0fwq8Fz9gdX95xOJYaOJ%2FNM5GAdpK46p4Vt4b5mpzJ%2Fxtd%2FbBCCQtoH99Ua0CsDJVv5zDz6JmurYMgrYL0cY6XnCpRYNlaAQEFevV9Gz%2BCk3Byopy0zXVBCRZeFzxnVvXY4rMmXuFreI1JX93Pqmom9U%2BpLi%2F76MuB7Nt6lye2da5TIlLoihY%2FDPWq3PaCCxe2pl0zMhYWtqAU7QUwMRk7c9k2qe%2BfWh7ih0ki%2Fm0lV1%2FE1SIQloAN%2B2Vbtck0a1kDQzidbLybacUlP%2BUyiGSEMiHgCG9solweUj815ffb69r0
2024-11-29,MRC对战GW,13.3万,https://tophub.today/l?e=2773bjKc8Zvoema8XYmbyDSncIkn7RJbeHHOZ%2BG09KA2Hs9kc6JVxJPrJ0wtTDtiCWtm%2BRN49CeyzVHgxS1UZmpJKRgfpfurUs1nqCAtl6Zz%2Feo%2BlyuVsOJhe2sabvA8EcywnUc%2BupweTldxbVZCQ%2FVXVLS1QzkxlpbVVMACswr6i5phKE4fq78
2024-11-29,有毛利兰陪伴的夏天和秋天,18.0万,https://tophub.today/l?e=3175egEZxhAVVqEGp%2B8i578Y4VBRZX3VG1uE%2BqAJ0w37PU90%2FzodMLO6ljXT7uS6v9jboeM%2F5NsigcrKkmS1sHlET3h5mjbFeW5ZjcGExl354Wp7J%2BfpWjkrFn5E92pyQzPv0XFHoOhJoCFOsl6oDBRq2fbX%2F4clUZvroi3CIqQAayxPBZocNpeafXeFmRdU2DX8Du4c%2F3nZjJumPta1pNku2auGyGpIpsAS5Ih5IpjEA46Cfv37YHc3a3xcxnsiQAdLuvbLPd14oq4tzhryJT5vIo9%2Boh84Df70Kw%2Brd20dRvYnX7TJYU2L9nhxjWfKWHeeTIIAKCSR%2FtLkF3TZDP%2FBc55RwIv9BxTMZsZUezr7wxviYKlehl8W
2024-11-29,南宁一家长称15岁女儿孕期被砍伤,16.5万,https://tophub.today/l?e=a3c2ip2Bcf9IkLHyfAoV2g3Ykk9WcGFWPxE2woM0cc0kNV7csjdjzEUp4v%2BpTCJQc32HZ%2F6at2MwSIGlXSBV2W4SbzLF7PwJhNB676pj2xRnZ0pZXsYHYJTs%2BQkSQSA2D0pNlNjqq101dTuU7gv6lUqo%2F%2FCcByEZk8i94Gt9%2Ftf4Sp24qwfjKVdzCFstPX%2BIBW%2FD5Su7g338lFKuOEK0pLdAMwkyatCgKkqi%2BWeZ5%2FDUwiYa4nZ0HpUKH%2B6nURTSl2eiJwcB68DpVsj2U0N%2BAzI5vUOIeVst%2B0GNDatZ8cwXB32M%2BRuFMHPIaZD2oCNHrVVvBbblqG5XGPcjTP1IpoeokevYbrkymujLrW34NDMopFMojyRusZ3uSORzrZoEXJYYWaR83kPAuVtsOPXipkLIBcBqKlvlxHE
2024-11-29,杨子黄圣依 人设,综艺 141898,https://tophub.today/l?e=bae2oXddSdHJZJKb3OYxyl%2FekVNDYrluazPtT3ynBdNoRsK%2Bl9aFviX4XwQOLOtRfvj71YNzgQsGWCM0LY%2FL1ngor7uhdhP3M1hw%2BkZcev%2Ffh9iIasoOarb0tKIWAM9ghYydDVEsQdip9olpCpsZKMbXbEyWG15XDNgrbIyanIIFa%2BiMhAaxCoQQyhfU4GwxirlYTvWHYp4OcuXgSGn5FbJj8oxL6dtGaMoE1nB2qUpGJeCceCFZZBxy1Lcrxejm9Tpoy28FbbOI6fcBBKjvbGsB
2024-11-29,张予曦 初生天使,剧集 127019,https://tophub.today/l?e=d243vj7dZBHzI3vL7DE8F2Fnq%2BCtdGNnRG98AdQ%2FcoUYa5ybKVyQwcnXT%2Bv2J8KT9yuQdllAXPqDakndMG5rQljmn7i%2B4%2F59nPGnVgYHhaahCITKM%2FI0SaLKxSiyUautEsayXuihaeQWVMkeJLYkVr9w4rY1VC1pOIryJcEITd3BKuOBIiggf6gjRu%2F4AuZYPEKhsA8CcwTP91jdy6dz7sLgvgGDmh%2B%2Fv0u%2FtYXOL1MLid6Qviia470HUw1LfuIjoTU4wyXgcl61yIv%2ByY3XvbLj
2024-11-29,3人1分钟抢劫金店价值千万财物,27.9万,https://tophub.today/l?e=5f98Q%2BVA7b66yLFhkUA4jEDp3A47ELZbinHLKVC3mha4whT7MICGTxjg%2FhbeZbfRpnkxtBByPqugN7ham1QGGfOz39lKeU%2B6TPvi%2BxTOfo%2B060ZfYnWXt7tOSq%2FwMOXzymigLGpj1Itq7uOVyvsqcpEo5KkWezr4MuIgozrgCFpyWkGK95rAiLMACwQcVfJ%2BCqVAu%2Fva0nTqsK0oHDuuOgatTCug1zlEwp6tzLOQJ%2FFlxcqiWtNndKntMhVWnv6cw7CPEVQhpuPeBbivR6nJgQTip49P4b50fQvrbKc9S9bLw%2FXzLU%2BdelW044%2F%2BkeUTTA%2BnIiSLMpCk%2FLu76WUTwSpoWTwKjASelwtnLyVrqpDJFCxUKPQQsqz6VI814QZYi2CBUeEdco84zMg
2024-11-29,派出所回应山东一金店被抢,19.1万,https://tophub.today/l?e=d82cHTffITQTIT%2FGjuKw7kKUkmdupnyaWWJU%2BEv9rxyx9A4Ml97R19rthsGrGvzlZiVtqKgQyU40htvX7%2Bdu2sUNxtryQ%2BIXqsDd%2FSJifvzTV7h5Hf97T6hGi0VBKdNMTQ41%2FJ0XzoOSzqTZvR4vliU3UDFR9l66%2B69mAXXwfkpqBQW2f1VNgd03caVk1rPRJu5w%2FPGKlfhB0PFnEEQebIgmpSEQyhifY%2FqUmna%2B8edQSlN%2BW7MwYnWrQ%2FyPqrVUq64CCDOA4%2BEyy%2BlEA7SsZhaMcMtCXIAGH9CkXJFb7R2pYU7WRBOUDmgteBfV%2Bqapvyw3E1F%2FnfGu5QWtU3%2BhNcw03E%2BwAYWMIDlG6OgZ5hjdZmnK1nqENkST
2024-11-29,珠海户籍居民可一周去一次澳门,15.7万,https://tophub.today/l?e=767cNIFuuxGxaYqsr%2BX6LsXHNTwQ684coto4%2FIdYgkXGOCgV9Pdw5rsxfJhA55v%2BHrIObdbdAXERfYeleANuS%2F%2FT40UCDtEZa5t2xj0yyfoCZcG6nwsWGhJzR%2F%2B2qKUYvzvd1nBH61eYhvshA4flOS29HpdyVfKGSQoIJgY0AhVh8mOkhS7k1ivkkkSwBJpL8rngWO91T%2FoWM8GcinFJzkzISLhyKpAwZuSCgTHUZrZxXD%2FbgUMKDzfhW%2BVwlTRF1uv52w%2BFVOIvwN2kqtwFkGq02GBCZepHXzZdPISYvbW5LgrM5oZ%2BxZJN7N40gBQvnvKD%2FRfwlztglf9dfBfnZFknB61ex49hrXo1BtbiK%2FAlDHV5qJnziXMReSOe%2Ft9ny2Jd54lkEa5eUMLUr%2FjgSES35f110BLP
2024-11-29,蓝天救援队辟谣外卖小哥海上送外卖,,https://tophub.today/l?e=f3d2WL3fwUD%2FVR2Bzp%2FE%2FAKDoEapns5Hl4J%2FB3LtCRqITwefBjTxMuUQ1bdeuUWsmlQdE%2B79Ekq0Pwl4T4H2VBS67mXtZE3o8vlOFcPNftk%2FNV%2F6Qr4ZB%2BLG7yq0kV2lG0EF6g7vyzflGY67Mv6%2Fmfx1AR7Ib1V8QomBf%2FF%2BKHRMYSzPDQX36SwTo5ObjQDLePcRLy%2BEdy5TSB8mQpRgfNA5%2BIaU5vbQufU%2F8MqzDK3B%2F4lvu4iFivrPtRvaDMSotIQjFUXYD%2BaQIHroiaB45sDZjLta%2B11qd1eJZHqYFClLYteAC%2F%2FIFdx32Scmr%2B1Lbn%2BAMxnNDa63accva8%2Fz5wXAryc77YxmrDLWxwXz507Z1FQ0%2F4yeK%2BnPn4uxTTQAucXYS0KdfaMRLdl3wyhQbTo02CnS4ak7hdkKjz%2F%2BLs0%2B5TbIIM%2FMWyUWPpddtHAY8RYsWM%2BR
2024-11-29,卫兰她整晚在写信,综艺 136195,https://tophub.today/l?e=cfb3zdSzFQwek6kDbiTwudq1RZkI02rqCXXctoxzvdzeY0zPXmigdg8gJB%2FiHvRBVvd0Wa2J1QcmlAA5TxIbtoSgJcCMoGc%2FaLwj%2BIuKpk8ZYrG8ltFDGi9QS5%2F4%2BJ3m6ZVlrRSaG%2BFiRqL4vqgNspH59vzr3U4lfY0%2Bd%2FMyCG19iQLl44ADXBDQ9cfqmfLFNp8CnTwQrf3p7e6cPXFeOfgtl65Mwl6zN8J6EPGwfvKA%2BWpp51k2HZN8%2BV769ba9dEFhPyjJRvn2eulC3UlzNVDP8pEa%2FE7H1B1p6d1K
2024-11-29,鹿晗好拽,40.6万,https://tophub.today/l?e=4c89fS2lVOtNG%2BuKvqx5gVS5Ob7qsci3ptzWnV7838okJlrS8UdD4yD%2B4RVLtBj2LCtnIIAImGNo%2F%2BUHvNSQV%2BacxqAR6rn1u%2BpkUPdb%2BLzab4Er2kDqlR7vz2RKKxQckxZ%2FTEoxldFS5QgxHOrTjtlKKbg1D2dPm0p9GF%2BXbIQqiSarWUazXYX7XUDHUturd79esHNrA7tA2ARMpRCfTNrI
2024-11-29,108是法考生的幸运数,17.3万,https://tophub.today/l?e=b358GiVouQthAGQ8dyKLyU8U9FZXwzz8%2FIp0Bhh4QL8AH0aLMbyjDoa0qYYOkcGnouvZ7LXJ0JCEguFNK%2BWStHsQ1ztDxShgohmq6URjvXPjJWuG%2BfWthqUfOVvxMLoLnOZKrUAVQxXuMCvQ%2FpK5y2ZcizaGrztwBog95r0S%2FQVobpzLrpz%2FpZET54jORUi7bBpj%2FrHVFXuXwFW5FkdBcleMOrZ4rhS%2BdhH4TB38qtF33eMag6VlkB30ZvhXpnp9R29bvGGzh1WBQ9mcJvVTVpEIghm2Nmyc5axz%2Bv2q7yiK
2024-11-29,NewJeans解约发布会后首现身,16.5万,https://tophub.today/l?e=e395%2BqOngZPA6DU7UdCxIT3bMzD9tAA%2FATYHngLdlmv8pK8nkIhgLCFAztcFq5%2BFUyvxLrsg4n7WeCcIVDAqTKfH1veAN2IMsDXO5pWsX5Q5OhnXggTDP5%2BzHm4wxuBpys2WlHlRaTzNEUYY0HzzGjzcvQ5oUwjc15GVCsrwIeZuTyL5sn3K95h1JblXFZ0cFjEjzI1WDyJNrSXwZpDqpOPooJl%2BjMxcNiZOywYT0VNCFQQNF1JplJXFs9eqN9wNog7zk7PkvjhVheKsOnItkIrhAgQini9WziDG7YKcz2b%2BOhSibqnWIHA3tjbvQ0CV0%2FK%2FfLo
2024-11-29,唐嫣COSMO文艺女主大片,16.5万,https://tophub.today/l?e=7ce7m9lL7jo9cMFy8RCTajLZ47eMyUszX4%2FmPX2d4Hw9Iiv1U%2FxRp7%2FAxJk1030w6Kb5tiYbv8H1LaUdddONB5W1c5gwOU64svsd6y%2B8wRsIx6N13E46lQBTNSkTzPf20zLh7m1zYcoIPfSDaP9O6YXaKU9K6aPpUBoJWuynUW%2Bt7T1x7Km7F5%2Fq1%2F0HjkisMrUspJr4ivCxIbens5sWCpqJ%2B5M1nZZIxd6mfXkGMhVuWFxG6%2By2AhKas46P22xD3%2FZi6dpiad%2Fg%2FXPY72abuAiy%2F0UpaEkhULHIUV6nzpyjI6A
2024-11-29,何洁时隔十年再唱rap,综艺 181138,https://tophub.today/l?e=ad121udz8ATk9yxZQiza50t3I%2B3zXy8gsspqDoon37%2BfYQZ3xFDRy7sYe%2FW8UEpbYGAt0Z8GmMK1HMnXTQluBekBbfrt6rwLQMNQhgKuuyTRGzsdCpGY3%2FMWmLdo42mzLfxHCI6wJ8Gh%2BNFVejTBLWViXU4lD4Q%2FaP5dKqNx0SDuGpKQ6nsDUfHmxwQXxHDDn%2Fr0KzDQRw3Z25JP5gOV786WdsEFZ1XB2zmPYm9wjXG2CA7dcEVSs2KhtKYLtsLnBbm7hinPNJKs8nmXzUBeM%2Foil1Mby3XKgOfxexjSh%2BGT
2024-11-29,古巨基cue宋亚轩,19.6万,https://tophub.today/l?e=16bdNLVn%2B13ldVdlg8Ng9Y10%2BI0RE12hTtHdxo3%2B8KMd616Drqp9ksGOBIw475XWlgfXwHKn8wzrIIuFvm4JQF1W9QAaKBkpUwSTQZy9mYAPa16VJWzR0VQ%2FUbRcqAoMmVQ1VL7nJpJ9W3g9C3iuBxX8foO5EO2j4OZr%2Fs7%2BwZtEAXhidXaC9%2FFsFlYlXcdsT4TwRuh80qfNFlVsfYd1LcUTiiOK%2BIeqMFmx8iu%2Fan9SPmJYJQugXyBUCHq6asijx8uz
2024-11-29,WBG官宣Crisp离队,12.6万,https://tophub.today/l?e=e0fdHvqD33QC8EpaLOMXZqVYjlEjAYkxDPkR9i7GIHlst9lVUUfuemoJIfwwCjErW%2BJOwjsCYCU5dMkigfJf0vfIZnaaIfjGczoHFUUnFWGdOZ3xBn2hmJuFRZnwTZoBE8UUKy83uKp8BxPFo6vw08U%2F5NLKTF3bUEOHXYSF2ps5HJ%2Bjc6bcS3UdJnTBgCGF7Uh2y4kb72iU5HK6c4LsAyDue58OuLzZDsk
2024-11-29,11点05分是郑思维进国家队时间,14.3万,https://tophub.today/l?e=ee5ejl2lW09EdHEDBXT8nhjwYC7GcJiGeViVrolHK7ciavecMJHnwtJYTL52EQnYA%2B%2BK%2F2Xy1T1%2BPtRbknj1zaaQBqanGLSezYBo6R3RCawQqthsQMr8E88x01GSkf6771BdzZTDUa0%2Bwqm6cbE4bLxcFk7t8jaW3MJxAyQQ7aPj4Bjj7m%2F41%2FAmtcmM3U7YAnhg4yqOAPo0GEMzRjpn9ucbCikOYnUMJ5tkrJGxJvqMhIe6L5GOWdUhMT%2F4%2F7SlAq4%2BkF6x5AIgVFsdym81sf0CfmKjqEwFin94w%2FMqWVxYk5nsMZdHgo4QEtRVxHc0n%2Bg%2B6Aui3uFY%2F4EhXlaVHl8zBZ4q4eidZ1Mavv2Q9y6hnl0YbIVqV9OGCG0roQ
2024-11-29,黄雅琼回应郑思维退出国际赛场,36.7万,https://tophub.today/l?e=4ab2Twz7Q93kk385EWJavDVeA1YWYYP8H9b%2BCSY43w8S63zsOs5xODF3W1%2BGqQ2xmFsIWGKEbWHTx%2BM38FzYb%2ByYEvDwWZKp%2FMRng6eYmR9v26EybpuIfcscuKbJur%2BWEabfffcOpqi0%2Bd71QUMCQxAEORMuKqAnTAhVk3kVgGDS%2BafeUj393LM6N5hfV6xdF6gOffeJHtjxq70%2BVO0oKff%2FAOXKjot2T%2FUBOAh7VoWRGr9LyKlgK7rwnzq9sgm2JtkkTMkwSps5ttsUDC2do%2B%2BjwWukyT38aPaUR435X19crm5K1MGRL7mYooIyNcn5ibYeHRYNTZIiuHLLyCgaN%2BPxMnTsiIktmV6J0AnlVybIq9M1vmIeAS3bU52ieAVseZr9HqJfpBOq8SZaRCCHzn5QwGcexH8f
2024-11-29,中国奥委会祝郑思维一切顺利,15.6万,https://tophub.today/l?e=4d14b51BwkYAH1nCKbLKFatdibq3ov%2BuK8VyjamiyzJfDSeNRDmdCBc9e73WnNp%2BYbOLCWW%2Fs0hp3Qwt5VuwylxfevRnFICr8wMmOctWNngYxhiVC6mp9pi8AyhluJZorYdl5rC%2FRmN5I4XXi%2BY7RbA42Pkz9JBD%2F%2FNdXpoM52%2FU4hFazYAfu8HMuWCg1NLaym8HIcRdSpS7gl3ax01em7QCu7uxymh4whRrFeElhd9dGZUKddVot6Ag%2BrXFCfM9iLfoarLiw4u4xYWupVb0%2Byhx7oULYV7EIESLi6ecgKXNoYotgbAc%2BhvQT2W2huZK26PHSx3pE0m2Bwc4vlcIp7wXxCZkSw6AAdEIYemwxGo6gtgQtSoraupqYe4jmegZHtL1ZUg3ePnt
2024-11-29,陈少熙预言家,13.6万,https://tophub.today/l?e=eefcxGS4Mg%2FxTlahePjtwjyclxjWjXWiJ7x4F98yIthUEmcjlkgiX0Lrpufq%2BQjB2XqHQdhpCCST8MKv5ZC9M37s7OU9JODlWGUo%2B7jBfB3f7VYtXwtY00a6%2F6ECCnVsS9Eg6LkHngzuaOHYrNwPWZW1koPs8U68qkfuebhf4Ltnx240ca%2FOrgcTvDlxLe%2BSy%2FXAC%2FjjnAse75LWqmg%2B%2FtFt0Ybj%2FpdJzGlVb4nQFif3UW70EGkDJIe77BtRYZqK
2024-11-29,羽绒行业人士谈生产内幕,13.5万,https://tophub.today/l?e=cbc8MbayrR%2BDQhuR5MeRco%2FOyXoAv3RMXIvx0bBagwlV1dx7dsjQ8G%2Bk345zRVfJPHLLDgeaTJx%2BCTU%2FFcbDnnPWThywxolroqV1Rk9b8ioSWM%2BsCP9XTGUzWf3dcGhTOv1ScJZLNf684ZJ62iKKW4LU4SetuplNapb3BoTQajsbhQtaKJc7j1Vn3%2FEQPhl6EX5Sdl2ntVH1l6xiJKCke49vQ2TQ%2BCBip4uHOpMfLQrYx0r3w80fUCOcY7MV7%2BLOWC7eBZkA%2BPJblSDIS8xEh%2BpKVjNMfelxvIhgAJwN1QkS17NHii%2B5VE%2FiTNQwU9wLCK%2FM07ECBPMRRLA4vXvESrdpVbxDCIu11aOy
2024-11-29,官方通报学校食堂吃出青虫蜗牛,"468.8万阅读 | @新京报",https://tophub.today/l?e=398bbTkBEQglzdfDKriRAEEDMNOczK6fZE7fdQrxj1RCa0UX%2BPupjZoLhXp6BhtcrmnR0lxyqji5EvY5%2FXIxIjGASCZzCsD3%2F5uOHQXEIskffzWjdwcI9aY4TMNt9Ej2cOwjjnCa9aG%2BXq%2FLiG4KkM5YqrslJ51e2tGwK0ECd4LlWmrELc36Z7gy97i3sZMmeTWzU%2BDBSJSgv%2FEj8Ml2nTSJx%2Bz4J%2FpFvjdVrIV5kwHChXLdqN9YwuFUhK242sSnEXkYnejPEVBzsUSmkhcPsN124hobcXe8x%2FPzR5V5a1XQWMG5EyC9srnXlkwciF4oCAJPBuQvbGh4sVK%2FTtBfG7h2JMf8YfQ%2FhG5%2Bc6IQ0YR209GsARrEREL%2BcVXXr%2Fis7e74eP0LQrIosdvKAY1ZkViGwxhPgXwY
2024-11-29,婚内婚外老婆情人饭局修罗场,剧集 116034,https://tophub.today/l?e=be12kuzzgiiKGVisFhEbSWxyRUXXk7v%2FvdK2y1TTY1GnTmmPBIdzE%2By3GNaYyzMCfQE8S1f9xmRwvSWMau2JCANJNqyY2F%2BzGUAzlNkWiGh4OtTQgqASyH6d7VVIjQ9Hvy2y%2FgqdO1bShxugCw3D%2F3X3%2FR9idOZUEPn6VULCbwQq3EaJSoNjfH81HcEzlv04Mn88zwK%2BxuI3musUh9pDSOMuEMweADUOMBW6xE6nY9HFDkF4nBq8fsS1cA7IEkB7YicXTXDArmmFj%2FipVSNBO4MYgovAk8FybBskm63ewHekAWNOqoTQdMDdIQFFs7Bg642brWHfGr8GrgJBS2BOK1qqy%2FghokufQVjlI3ieNI2uev3biA27o6PAhOo8irSWPDTZi3WBX5%2FS
2024-11-29,Puff和Langx和解,22.8万,https://tophub.today/l?e=d0f8OMYEJ7C70J0%2BXUMCSly7CTIF4WR4CQ41H%2F8KyQQ8Gh2NgGVnlJvbGwWyam5ohDB5iirQdzAqcuOlEgzm%2FufszExxLyd94PrhtopqawiVxPZsJzw3P18yWMkjJtXgfVzYj%2Fu8lmXaA27qLSi1ETwWKA4BdIQ0jVlpva%2F%2BGinIjFqHK6b8PIabk6OnArdzA0gTGl93eRpbG%2Bsb
2024-11-29,国乒备战2024成都混团世界杯,12.8万,https://tophub.today/l?e=683116Jl0MWdzdYaciuqyvMfGmLXysA3q2n3%2BNntK3xRZ5YNKGe%2BjJABoROvLFhO5iqt1knlD9g8kGvqTKHktYu376IjicEAH7fwhd%2Bo0qpA%2FzKcfUMMXiXDa8kUElZS8H1Q%2F2EfYiUemi%2FggMQTl6%2FxPtw%2BoTzLDglN2fmNI6DZErQn5fPjHJjIveDCWs993WFkD6ZI1HIXt%2BYWHSA6xmaaDBXUK60djFcPD3eJ%2B7iMb2UF4TLA8tioKO3kCmF2UkUKSTIYhiYgDGXazhLIQgq93k9AHkAFGFZRUvNgjteuv9Gvw5L%2BB2nqKy%2Bbgh9jICqo8M59jH1PVLZvVbEsu3JjL4ck9YakYIh%2BVXzIcw
2024-11-29,苏新皓我记得那天阳光很好,22.6万,https://tophub.today/l?e=81f44MnPVpm%2BQWihFkiZgClF%2FFxXaG5yCQ8cfxGzMaotTDFA3Va6FVHchs2e5SjCWa6y8yjPfZRsJKZQX1khWH0aU3MIoZryrWVl2rj4iA83lSenUdwo1ew7oo3T1JWBAOflcyK79wz5x7u%2B7MCI1MBW0nwmEcsMu6C63TvyvuybXckbUEVz4%2FlOE6OfYrbDN1lWqq8CZrjcHG%2FY%2Fj2c3fcpv56vpHnTcDapqKe5RX5nuV2tVr2hCKrnPHLXJKzDRObEybfk62R3fRSiEIH3Q6a%2BBcnOmNpRgowedgGx2ya%2FTt845bzvEKaCwUZvILIlI49DhOA1vwCqQgXVB%2FBtdeOun6GRuLIl2TGzVlxTd1TEiAiF2QJXE3rz
2024-11-29,金泰亨单曲空降,音乐 168164,https://tophub.today/l?e=e3064bgUbQCj8XMx8GSWvjLP81YX5H3tWbXhazapAurgLsj%2Bprs86606JCUeEGrboPBJdT93G9RTmqXIYs%2BXOY52hPssbNYVLJ1rG7ZgaxBYe5JqGsNzqyXPrEviVJl41ZhQrN4fBMhJ6OgcQBniRMDDlHosXedXqpeKArDINv5QdHVQwsRwE1rXSv%2FgWvmzlJtTO4%2FBUtA4ZeQjPXVsYW04A1Ww4JjLYRGbRtxcw3x1qJGGlZ5JP0dDfipaeJdmQ9FrhhtAaNzGuY4OJAbV
2024-11-29,唐嫣粉发未来造型,16.1万,https://tophub.today/l?e=a3c5uQwTzx121%2F5CNCBWCVOaaF8YdQ7QzW293tieEpV5FHLWX%2BR1MvXtv1TxXb6MnJ9a23sDF1F1TIwokgQt5uE6A2D4pYo3P%2Fe2l405zdWE9JLWDelGhkmQ4oIn4d%2BSowi4ZwLwzmWTMleApoCYM8yj2MG7VEZnyduI3p%2BTd0hTmzpla%2FrDP7DQ6NtekkEIhnD9SxwYObTQVzRLe4SGUKtSkoAJFp%2B6FSvSFRMGMgsmRYcMscOjZ%2BmOcmvft6Ir6xQ479VGsDcpgp5NP%2FzirJHj7wqX9y7%2BxZewePEw
2024-11-29,冯绍峰接想想放学回家,39.1万,https://tophub.today/l?e=45d1fpPTxyUmK9WJtUU1%2Fi5ZI1L%2BPiqO0uLh0rDXVojLwmb7rl%2BtqEfDtCfZ48xYYVpf%2BJYLceSVeL6h8LbojP4CR4rvBX3WQdU8%2BK2jupiiKg7UiTLGq8f3CYutst3dhh9xEllA1iXT5OqiZ%2FMQuPLoolsnOo1F0YZHAOW5vnCYixkH2t920oPHbU%2Bz60MWBMrqyI5VpPBAaujHyhV0Bl7dmF5YEU4nrSZJBUKY42Qgnz3ttFeaqyFZ%2FDDMEl9eHC6%2B2Wz4dUqXAy5rUXLqIeUk%2FK9zskJmMo1%2FDDQqR2OHaZEmnkEo18pAjEJ1GyPwTFJWeGQZ%2BM4yu1Z0
2024-11-29,冲锋衣成顶流是靠什么征服年轻人,13.9万,https://tophub.today/l?e=2531Dt5tDYcNYgmDqd2Mafya6DYIg2FLVmDtwOVdiMGaJHad%2F7P%2F12JI8D2aGCYHY3Q%2FTmuCaRffAtJQcTb980%2BV7v5eVHifmIsq1SDNC0iCvn2rr4HNYz2NiZ14DqjFeOdrtUn6Y%2Fi4%2FlTo86f0JfbWArSh937fPNZ74Z8kZwA0xi2qwngH3SHNJMwKGA97UZpqHfxHUm3g9NoFbc5QwRl%2FZ%2B4uuR4762jXf8d2wBgLvNV2ZNVBdqUBfgUOyyGMvv8lXsy2%2FBJeg9uiHSaxjUAHiiMEQGSz7AayfoDzmg5G8JvOPrUNq4yCJ%2Bj30Fz0zq4qo1twtaDwk%2FjogZmmlpO9NTcezviMvnujpLeqWNhk%2FNafzobYX6zNHvVJ7ltmxvkX1reNfGv7Lg3hmV66mcprWg30rJVEn6ZiZjL5PFmBcvYP3vEy
2024-11-29,闪耀的恒星含糖量百分百,综艺 186584,https://tophub.today/l?e=3866Wfxu4fwkuN9VFipf19O%2FkkVn9%2FoO4bnTHJiTHTrLOUiZSdnb%2FgKavEtid2mjyAULCN2e%2BmZaz4TiH42RgMAOa0VfrtJ%2F2%2Bz5TaQKuWaUhebwqS%2FKyD37er6rqer42OoIDhOlW%2BecH2ffAnGTGOULNO7sMOiQIGuldRJUdfhrLNgi5TimbUjJnyA%2FJ%2BF%2BXXCC8rsLxsNEE3%2B5E%2F5FTdQL8sEN1xnqADYNwX2NyM9lz2CRZyTSl9khFSvYz%2BKzEqjEOwcG189FlK6weH5jAMgCafdm5jbF7e3CaJ9EjnH5LkLaibb6EgaP2Z7ORGB71QkqtHmQf4ivBOKPw4CfIENBvpo4aF5JVRSX
2024-11-29,赵樱子出道12周年发文,19.8万,https://tophub.today/l?e=5008fS%2FTBQ654vGcGNmEPDPW48uG00dA5Yjeougt9jMInQpD4kN4MDkpwTA5Kx7pY8ZXKaRDIBj609dqeb9dFS8mVsMIoqiWYpjH6x6q%2B1oI4yi0Y0U8hMUeTPqA2nE6c0VzqweM%2FPrPzqkqjDboGraArEum8CsyYc1olF%2BG8Gdcxjzykm1z7fyRk7tPq%2FdMM8TgaoWOTofwNNXTD%2BHrYETFcgjdBpGZQZBDU65G0VAkKUsG6%2F%2BMpb7m%2FB4cGDWodvXdhZ8kWAx%2FzkJC5LJk7JE17SV%2FQj5h5oY9Hil1maLeE4GBs2mOcklmCefH39c
2024-11-29,世界羽联发文祝福郑思维,18.4万,https://tophub.today/l?e=aeb0M1CZkZnnYjhVdIWEkCSZlHsk%2FqXb%2F4m010viqhqhFPi6uGhdUoJx9hbRgcjkvF6BsjcyEvMmbijAobLZVLxu5Kydk%2B32Oq%2F9O63f%2FkUyUk9BwjbmBRo95w8OtM3rIY1zPP3ASCoauo%2F8338FpYxFNDJQLht%2F2QUF1gy0VAigGtZFFOqkXWHaManJz4EUK7qexMlq3dTCNc%2BQd9isbGrSnK%2FgTS3Odkaeluo3su%2FS1bBpQvVJv6zlcyRvXr0ss23RfBx8%2FfEQGOGqO%2F2rPn91N%2FZ9%2FOr8JBijmhHOYPfv5EIst922ypZ2pIj29EiGRXyfbnSA%2F2Ej%2B90LF1Gc65L3%2FCXcSYGu80D7
2024-11-29,卢昱晓看预告片才知道不是自己声音,剧集 156116,https://tophub.today/l?e=37d9%2FWIEcaNha%2Blo4Omsdow%2Fvb5HfJrPcMedYRXSI3uYJ4if5GRWFI7cB14vNz4JXbpNKSuloA0ONew3ssSE5S3lTNj6HaOIqlmQkYBxeWNBYFEoHqzZ6iM6p6kJK3CXce6mStt9S3d7iYeoPkWUY6LN2NV2hdW7ygNbWU%2F%2FtiXX4dlJYX5TxONIsGIlJwZmeDc0gfMTgfp4mhNEGFEyA3nFV2ZFuii5bLoVXarVXhzZM5JeIfBCan9GnUP1xMaHF5AsjIWLfrl0ApWVPosUXnAfmXNOKE1te%2FAt68Ucsvez%2Fz1WDwConxWPo55YFZe%2BakJnBSPO91DCm5YtFrLO3WKz0euk8BkF7VeJwoZ06orY8wP4kPQhFDTfJl9jPGW%2BJPk1jfsYhJgX21BAFhffVQKPCZaudhB6Xb2NsGolJHraqrLNcnWWVay9YTclrZpaEA6gNj9h
2024-11-29,孙艺珍为2岁儿子庆生,26.0万,https://tophub.today/l?e=4fb3v%2Bd%2FzhmJGI6hrK8Zuk4squWY1Ml7QS8qbr2bRmgNfsNB0K9raZv82zbv3zcUb%2Bas9QuLVK1n2adzO2O0zAmcI%2FJXX6c3Ylch4B720agmL6btl5MF%2BcDVKK2rd438WWjj9V67iPOSr3LpQ%2BopZ%2Ff2F6l4OBO6Qqk4mdDjWt2ewllJ31VW8Q9r1nU9cFL6KRi9odbnxYzWCL%2FcoOxDtPMI0FlfIiS1jeVZ2c%2F06xgFi1jkjLZw5fQdJznQL3RSftQz%2F2CzHD%2Biu2lhIfBG7NiTqQOHG4lDtxT6L8QiqcWYBKxqL2AGsVIP59LF6A
2024-11-29,田嘉瑞新剧民国版杀手不太冷,剧集 142358,https://tophub.today/l?e=f091giD80idCATLMP6roNOJZPwtCBqkA5sVOzG4wsr56bAumvvQOVQAUklL1Q16Egk1EKOZ3ezvcaZrBo7bXhAmDSqFBI9CAy8ijjKI%2BV9UdAO9TsmH0hWEOFoQAQ7koBvzx1cUju21tNwe%2FcofXMaE9wQ%2FNXpcpE3o7AfOSvAGbRiqb04OWpWKHW084DGFFaJldHL%2F2t3CVk7n7jGUUkgpjwyeECT0bwv1FAbjkUM9bA3s5vliXl58W3c%2FVSF0pA4uIpH4O2cYSinlGpdiM1PlmsvZJ5i3IfzoUCwTagnG7V%2FeMIoWtOgCY%2FxMydq0MnxgXGolqclKL9CZnR3P8YWU3o18TiHf7lglUjr5DEcgSEK4GY7MGJjd9iLglCzVhy1gk6LXQ6qBv
2024-11-29,央财教授称股民套牢是好事,14.5万,https://tophub.today/l?e=85b07P0NlTF9vaWcBn%2FOgPnCtSKeX3mZ%2FS%2B95BEtbg2BQtjp5O6h4ZlVmYEWKTL1o8SbNAIsVReC1ywBOsDpKRvBdIoQromveIioZgVnd5sNOYULarcqzf3uyKx1llaDeXEwp9p5b4l1D6IDBv5AJyRCaeAn%2FfbIRq6llHVpm9TDSsb%2Bkt0trL9BXdATi57Cbq64kvK%2FuvIbaUwliO3mVwjERgLxhj2MOUG4WejgRD5fb0r3jHRc4EvTls4Mzmklkxa5kUI0bTQldKaM1MWEqhiOQG1JvtYgPPE63BvE1r8EbYM3PUdA1gyrFPKxaYiYhtIA3mPBTi9JSe%2BjhHWSy92XsSqfljgScp9Xcr2jYqLr5co8zNZrXJsT
2024-11-29,看雪当然要去吉林啦,11.3万,https://tophub.today/l?e=1577IWBGqYiHFzI246mTsoC9aTVksWEhB4wSC5CYRU2GZeDBq9ayRMTOtrxrpOTMNe%2F%2BWuDDgw1D3JMO1KzqKixP3GKO3vtsCSLh58Qwmr0gVSecxtgqQPqZBl7fgDMxGbS7NzU%2FfKWVR32xoEBrzAD37rFF7%2BUiUATQvDTRAGSnbM96H0hY%2FCv%2BgnEMINsZbm2vVNFBG8HF8x4SIFN0gd%2F18UN5Kn3g7DvxHZUo6fnXjWFqhYomewPrMkIYHTqM1ELPtmbnKgCAZgil%2BApCKbAEqqc10TpRi%2Bkb6FhhHpe4%2BVSZB9V4c79Oj8Gi
2024-11-29,筷子用不好可能会成为伤胃刺客,13.2万,https://tophub.today/l?e=b074sovwMgAIyZ6MhnPQ7kA6l7qZWWy5STSeD8gmxtQMvVvReP3odXxI1efittiYqNSX1F9n34E1an416st3klMhP%2B0StTTAXGe2qzQ6QGJod4HM%2BBOGnNbDMBsA%2Bmm0CWUjegwU7fDa2c%2FDWEcDKakvaS87g8XDMGJ208GJAzkomTuP3jaVdLlBSoAVNt2Fdfa%2B4gpzLLyrooXjLdW9LltwSsqOfHd4HXlC%2FbgJCQXMWY87PfKVxMYuGbXFjHsBlOauuWTtqmF9uh%2BgYIPE3CUFoXKYSV1%2B0H4Chh5UDw98XpBqs4ROuKewOTZo84tngqDlsgulzdR7Se1ATgTV6%2BqlLiGjjm2tUKK78CxUHADhUE%2FNxPoDCgx2aQgmkESFIy6xjy%2F8saydNRCiDESJjDpqF7mGSaCk
2024-11-29,山东一金店被抢损失或超千万,42.0万,https://tophub.today/l?e=655cGFAhubff0bDp7jQtwKfePTelpZZpBRXZqUaaDkZmDN5j9KrDhF7SA6pgH%2FST%2FjkEI%2F30rlvT17yVg2NvUZGiCCKvA9%2Fai1%2BhfRadu2QcAOKt62nG0RLF9%2BsQ753VZSxNeuVv%2Bmuug7y%2FoGKJVxKx%2FvX0ax85yvYz2TFISH9v8drpcE09aq0CMf4x6sCFt3G%2Byz6mUs2We2d9ZGtOB2OieIymfsyDRL98p0%2BazCrzIP7KDTucrxRgHZO4Og90HO3d9ZMYa0RhKf%2FdiEMLj%2BZUGwzlgr8x%2B4BlhvNJ52Iy5sF5I2JDJsoKF0LyvsjF6DLY%2FGLHasfvPdYIfrqoF2cZlnvueZT32nX9BL7vGTPWEdep%2FoqxaC%2B54r3GzjgWaTdsxN1nrgMV
2024-11-29,张杰第一次平头,音乐 134225,https://tophub.today/l?e=4edd%2BugoL9sIgt8mT9bmBkisMB8T8wdkqFlZe2lNt5uVZMy7vf60bYwESMIhs4aYxT4LAwlPgVO%2FZScdL9ex44ET8mhrwNPnxPVXAdF2%2BpNforxJdPpRlFCy8ygw%2BNZYIPf3UpcIOk5a%2FtIqHO7GjkGLI7iMzWkHDgFKSrHn4RAKzBj%2FS2A0%2FTGdjep7mlcEKCd1Si%2Bte33xOmZUthQiBm7DYbgGKL5jiITbrdCwyeBLO1VHHRD2epiG%2By5XOQY3n4%2Fjm7QbLzz9pi7zRxv3
2024-11-29,曾舜晞参加尖叫之夜,晚会 223911,https://tophub.today/l?e=a62dGxg5RrIDD4VBDCziAvUydQ%2BI1%2BTtBZ%2FhDz9KQTNPc2jCbi0gBWR4D80u0bXrD00d%2FY6q7YK6I%2FCQ2xLNnjudw5Ja0pP6gQy48GGx82OQgxk8DHahd7KmZZr1bQMsthFFJWN033kIy0fapDCBK%2FP9lAPRa3tjMso2Zof2bHOtAYdPcV2syOnBF2o%2BH4aSmz0rRvvXSxUNpqTqeaTCrLDDSW34%2BbhIjQaidPfWr3Y7HwI1wHsZS%2BPRtzJ5s8cbWAgKBr3kWI%2FU09%2BZR1pxh306erseSBZ4vh5aTYiIGykqwL%2BNSb55LHuiGAn2
2024-11-29,关晓彤王安宇再现跳舞名场面,综艺 116507,https://tophub.today/l?e=ca5anrOyhG%2BbUPz37QJrQK62C2djo5KZ6Ya4kZ5bKRGrLeTJq51upUruOVe3MdT8y35Fd1qoSUab5EQ7l%2BhNZoZk%2F4aWx97b1B3qeKYZrcMT5cHz2%2B%2Bz%2FUXx42i5LQRlr2ypetP320d6xLjrfkJRlboQAafBpGQulVRFp3YOEywYyH%2FuxnTj4eN1TG%2B%2BP8r6DdVPuKkeOoFn2v01JxSSIQqKyA2ejUQpbXufXNpRjij0J7EOkPAgVIPvWjAMKyhydFi%2BvPa5ZGWvUo9gKXAXGqYH0lnCsS7wNiCDGZ2yIoUrdbsglQ4Ara%2B4%2FCE%2BX%2F5iKr5IqGipeKw8VYMt8DGLKph0Ahgerxl3QNSGZjCA%2BKhIjhIi%2BnVJ80TKlBXv1JUX8aJYUVg4Ur42
2024-11-29,妙趣横声一同框就是花式发糖,综艺 139199,https://tophub.today/l?e=68a3cHuyU%2FWhX68v6wWQF7zXIr21EKtEfiF9GspM8c2mU2lmclKnByHzj3rocl%2B2NiRUxuFNP5CUzwI2K82o4RVCmPd%2Bk3pjZUKwBbScL70VPeDprGTDghmpLId0Lbqs0jgGJF%2BBcb5hg7j8UCFLR6RSn6Bz2NYF1Y%2Fr7yJmsKgRC0BNT3esfqB40LvujhDABZ0oy4XVv%2FvehHwKDvtSWlGamQIYrh4j3JqILrJE70%2BZkrVMyVW%2Ffa7Wu3zOy0a3gBZbcLnlv%2FP%2BG3TsrcHM%2BYfg5PNB4OVfGVq1u3XaxAxWBUy7GN0OwbeGVceqmQ627e1EP%2Fl0Yihus5tw5u0vu0RFF8cKNb2czlb0%2Fn4B3icxjWwfRv2H9v46fi4sl%2F2G7Y3r7yj3oSgr
2024-11-29,郑思维说国家队的恩情永远放在心里,11.4万,https://tophub.today/l?e=eba1ZZnKiSiBFASiXp1zriiB5AC%2FTmeiJpAJoxLYXk4X9i8g4ti2xgzVtG%2Fge%2BpXUaXwYcIio5R0RtYwllblGzvSJJ3%2BpqPrGPo5iezdQETuK%2BUzaj0gN6iqVmxskBN7AuV3X0kVgUskjqWa1YfcrNbhyO67%2BSJiYHIYhHiZ%2F4ZUq6kkDOzldxs7tre%2BMU0UQTg3G5T0EcPlyD9d9sPq1vZc5oUuI1P4di7g3XzAinbil6EMsKPrQjT%2Bt92axFsGPoMj0XFWsol1dg391DmuE7fMfsX7SiGGMERuZV4OUp4xMHKrWy4Uu0tX92SyBCzVyO1iDr2leDU3SxXoiy%2FDpb6PVCzsMF9BrSHK%2B0j1VMXaA22SV10vnsFziu0gKjnc8gR9pfSvHIT6czbosaLRgHJNWhr0c7RB1eyEunT7hMqR1Zm8aQBxHKD9yolOQcLKQXPQIiiD
2024-11-29,孟子义死脑快捡漏,12.3万,https://tophub.today/l?e=3458HvhhLxgkWCqWX3g%2BHe4LvsBmoJUFdClLAwWn%2FwwFOhkdLQzBDrS68V6PUTENerVguRdLX6B2%2Fs6GiekEYWcVZCwwCFXd4iRNZrJ8j1Ngu%2F9997IiRGPxZFlLzvXATMtyCRDv%2FAUwpue4d1kndwIlHIZ2NwW3bhJH%2FIZHmdUDEM5vjWqPQStsDa3W8Y7GWMsFSf6LAkpX62QDV3uUihkSCUHXxytogayQp%2Bzv2vEyUN7PvPIHBYyZ3G%2F1BFs9FYHji7RXEefLeW%2BYFRtSOYqi3a7djc2L4rzw9GHp
2024-11-29,徐志胜 麦琳同款发箍,11.3万,https://tophub.today/l?e=3511GE8TUuflePthtqqBX453tf0yc9VB7Q2M4%2FuM378POFgnkAefEdw7GW%2F1yGTNjPYDSNM9Y6%2BzoOQFJ6JVofsZIJa1rdQrh8erUEBaRHtsLLhwz9wzI81C6TbM2veaNAdoC7BThPQA69sdIAdh2udka6IsG%2BSiHXL3NOjLtJxojP9Yd8LdLBfQPRWyrubrv%2Buli6Dh5V8q%2BUG5qKAjdiyndypFC0iQECwvZQK4OpRC4lQ%2FB%2BK%2BgFkGbUYbk%2FrusQV3ZyyE8RWipDe1GiBLmXivCvePS%2BBFpo3LJm%2B4JvCEXVnyBynCnTrlecd6quyG
2024-11-29,影院观影过程中屏摄违法吗,"293.6万阅读 | @新京报",https://tophub.today/l?e=b0124MhG8c0CZTZabVOZ5UvSgcXFU5LiK7hKvmw7dqPeO9c85xZWkpn9e7aMPO0gPTFirTQ49%2BnLB1Ux6gRZJCPf9jVKX%2B653Cu2mREtZog8Q4NjU%2BRK0%2BNlKYh8NR0OSttNaZ2qWJHbQqcHlEEN9uLW6biv%2F8Dm%2BmD0k7N8xkUpYLah0F1IdAlQmVgu%2FpwcIkmPfJ%2FDVJ8SrUUb1yrML8Oy%2BdlYlcWtqlJtPvCFD0cneBc%2Bubt2UzO%2FAusykWEivfdhHsvAZVX2T5lhS%2FaDj76zQIvfgwkVTw9gtr51C3%2B%2F2RY3TsApv2wHqPqvBH2atAbBeYSXTojkGbRbZdN97CxaqWwANUVc79z2XCQjIncsFGQOObEKa2H1
2024-11-29,离婚律师每天接触到的都是麦琳李行亮,23.7万,https://tophub.today/l?e=8482i2fuEox8p5y0z0H5C9UBchtdbZRIKn91BjQFVAbPepJUgUxWJwz5kVMrbWdUPsEyMdj%2Bv478C%2BFyc3JjUg1i1qdAItgpl82MhAF76wo9ej9cQz04rZ4h%2FBSpzOvqp0PK24jlJdA5QSdcutA%2FrSVUXByh6np%2B8gSPi4oTtciDGtxw%2FgmapxUm4oFWd0qwWmBKRrc8a7n6VvVE%2B3GX%2B4GAkrhPAW%2FxC%2BDCN0%2FQsQvFWh2VA%2FKUq%2FoNRNDthOrjRCN%2BBv8Nul%2BrGYxicVtnnwOcBfVuezMS69CgMI1AVkhtgBrw5yiPc45xLTul9OgGxrSji%2Fgnyn47hGaMEWcEznrjaeyJsu1wbQgPoWip25KmuR%2BEeMlr7hmqkba6yOpO0s%2FrdfNodGflTZo%2BbGgZvk5JW3Jr12wOr6Nuaadq5XKusSTwz420fqj%2B6%2BsEhXUmZLNNQ3uYhKrLwstZgVr1t2ZixPC1
2024-11-29,Ador代表希望闵熙珍回归,21.1万,https://tophub.today/l?e=4b51G1TaBDEaO5tYjB8jYT7aYFPW58JbVwUKAQmnVP%2BGvTFcvu4IwoVsEfGRS9E2OrNtK3DMkQ0E2D2kqAjJRKmwgw8TjuYrskeOPkaxf%2BImZcujF9vOnB0snZAVCqxKzA4Ht9LJvZSghplNFbEOgMNbOOntPwgyeDg4dEjiVP94fExkUSDd%2B1HIRhKwkijIAzo8BOrePJmsEXsqOrfyUr%2FaOmYHo5ln4tjuMn1SMvjdJ5qHMYjTVq5AHnehQh38yC9EPns2fsZx%2Bjrypw%2BcRh4IAeINzv%2F5mu5AZQuelpSzxx5jT9iu3FXiQruPjDZ3dw
2024-11-29,成毅参加尖叫之夜,晚会 172028,https://tophub.today/l?e=a4948WdIhAyNQrAZ%2FjVn9RQQe2xbVjHlY%2BaBh3oO30ianWUjMbbZcsf3Szyh4UFQdJQFifSLEH517sCdyz4Pqvvjg6MKkGoFNx%2BKS6g2TTpdkuWC%2BPPgjVe6ZSb7gR%2F5b%2F7odfka1UYedr1pbndBX7sIqAzLEzQGFK2snBQvNut9%2FAFWR0zuHJ32YfeQBTqrc%2BFEQvGvs9nTXLGCcW%2Bhv9umjke%2BEmT12WIB72IwpnN6hN51l%2Bs2BdlW9vIQbPnlPCUnTCJ4lFC%2BEOkk3Eo09Lz8mIuL5CZvUJTOUtKv
2024-11-29,李雪琴剧宣有两个男主,综艺 115536,https://tophub.today/l?e=cc55iL32%2BxgNXl9B30JsaD6PkmrN8vFP8gU5w%2FpBsTUrFGJhpoNwyEaf0JNMDqskN4p0qx%2FC7YOk65Swsda24TAt8s2sqm2kq4I9edc2u%2Bun6GHcSNalZqjZrIVb3%2Bd4M5whQha%2BLGsXV41FIS07rAY08OCj9EP4rYapT%2FfR9ddmJkBlobV%2FbVRxCmvuBiIGQzA6kC1PrvqDXpa0DVfclBtuhS7BtMPqXf7qapfIBCiGxgh1fyoZZ4i9XdJ28aCoENgVhT9A5o5VzMjfWWg2PRqg%2Bo1N6WZccefWUa4%2BHaSrAU%2FeaH1KnftHrqmxPFURGKEsqUTLxP0mpsf4
2024-11-29,17名男女KTV聚众吸毒被一锅端,75.6万,https://tophub.today/l?e=652bZImlGwbgUPs5iv9504fBLx8ymIACcJXc%2FR7udxXnVtF1bC7TxWjUSc7Z85SSxUc0nMdWyhsoHaLMarCWTUvEtEyFkYxxF9DhZoEMF%2Fe10OjERymJbkClZ7QyJHTHT0o6OwJR1K3bc%2BJxnzJNeVDnusURVkicdQFh72JI6mzr1B24VWrgQwXKdbuAaOXzfgnj%2Be2S0fYQBtoLO9pFUxPKCEEStWLkRVdFRYF3PnX%2BIIYWI2YQO4%2BXs0uG8zcQ%2FhSSkQCP7jtDpo0jVXX9Ct92UjBDy1kU3JplMmIZlJNGOFJJM1BELBDuoCWLAnk%2BCiC0%2BJYDYI0fqq716MnWfeCOfBi%2BOSAwi%2FHh0z0zhFk
2024-11-29,你家的筷子多久没换了,14.3万,https://tophub.today/l?e=e2fb%2BkGWvbpS7NIkfCTGmF4mZZcupkenxyAkHIIPeepk3gUjZVrOu78Mt7Xb84HeLriPlBzUmKzfqK9p2g3b2K9Gkp6m2WPWCgtsNhGd2awFANPoxDw%2FHslHomT6zF2LHfMWoNpSgjhAIsBuEgScZ4IUfCLsGxS4gYPz4Xnr1BQYv%2BzwMPTT8PBgGEux0ktGAdsbcQ2ffqV1tcgxAjtxxLHK3Pp3x%2BFKnoPwNmxprj1v7oJnzvno0EwjRTykxuz9KNc9To2QpS3seUeaTBb3xKYjGCct%2F9zA9EJnboPsS95eaxCDC4C9G6j15FMtKnUAYuKZN59fWtwb8hlw
2024-11-29,普京称或用榛树导弹打击乌决策中心,"273.5万阅读 | @CCTV国际时讯",https://tophub.today/l?e=1085v10AviRgOtHS5h14pntyI8dkxX4CKf7hj%2BRssowCklw1SB79rOCi2XzMo9xzf9K5si5sNC9jJv3E3mLuGXBsdQJTlkzeErfSFaGO7RUBiDowZhOO3lrG0t6CDfgWX9o2Hf%2FfiQqmnn0I8qkrz%2BZ8hxABFW3scW449tgDGOGJ4GVSLt90TUhTRXtQj0OckKtbftZuVW8wsJVZotNOVsYdh1wuwU4pLZvARipeOAMTj0q9TnrcwPFj6qYtXUdMYwkWDlC3%2BzRrQK%2FF%2FLUrLybeL8j3bjyvhLL0jk4NYI8F%2BoCeAvx6FjcfOdNRW8XFnIFPrJKUcuIa%2Fj9xL%2FLbSTi5zFGscoRwHSB5EUZih6zpZSFvG7BhRrTD0OiXRHr8bQvbXxSKImQR%2FjblIUd9MbcMYc95VHynVSv5A2AnAr61rgFOxoEHU3DVk5dmArg9gBb5YqOf
2024-11-29,专家称野猪已是危害最大的野生动物,"337.3万阅读 | @红星新闻",https://tophub.today/l?e=29f7r0Wn1hLM2HUZRVHrS7e7KuGx7rbn9pSzp8zKOSSEv7LF%2FHo%2B8ES%2Bf%2B1e%2BsOjfQltWh8M%2BNlO%2ButMfyMnmCejWxRujEbarAa4ykPc9qPIuiZ7BpbD9p1J%2Bfc%2F8DNW6Y9bkQRF6Co3AHTFj58lmJyEg%2FaBXS2pzlJLXzVueJvUe2eD35vdvGM2wpC42Dza2NH4PiDJ6U%2Fo7iNMRO9Q6pgElfKC4Ok5UuW%2BSp1tEULzl49AZm83KS3UDpn9gDyRu4vCzVqgkte4NSOhv%2BwdsrGkkOOclzLlhsA9BJZ2OUiyTEeBwoQianaPZnZ%2BJ1yJfDI1vwfJViW9%2BOOH135C5%2BK1jrikSFAUo0U7FgzczCntQzCcEdyGZ%2FHE1cy%2FoMa2fTp9e7EDWtd7IbYoVMGdo9pMEOeest0sBHUoiWxXPwywLOaJOD6rKkbGdsIxhhDYWsUmNrKX
2024-11-29,王海质疑李行亮麦琳争议为剧本,18.1万,https://tophub.today/l?e=283bk9z5R55IXUJOBH1CrzwQrWi96a4uQDrUSPuN5ghJ1z3ZnqQ%2BwUzYY%2BAxoYZpF3%2Bl4Yng%2BEuC9BuGfUI%2FMHo%2BiSXIFByAfMhb0DYtxMlA0AbD07hhbLsd6EdnkivGE8C9CN2362oDjpZkd7JqlQz1PFoPDViocJ3lWYlvPUOzkGADJTN4YYX7p%2BqI3gdJ5MbR5OblCOfp0cCEHbFXEPvLzGXftBk9URYTsUUcXti1JJORrt7DT121Rj6g03SORw%2B2XYWUW%2Bwlx08KR1QxOaRcZZxh7uqZLy7yfKOsMOWdZAEvNZuJRFNeQikBnFJIY8z1C9ZUarrcvSy3KuglaE4lmGPKjrwyCV8lipLF8HhYY3TeBGSQkF%2Br3ZDVMImXt%2FzvCGqQRQDNzAaMCNeFqkMyqrTcvAoz
2024-11-29,腾讯黑色沙漠手游停运,13.7万,https://tophub.today/l?e=5b69ZfetH9MT2Fpy1UNEIiZbkA%2FD2SK5F9UmDk0lFwaFj5sBOk93190f1dCYf8fGcHNHgUVyfkUyS56ZrVDt3dbQhuTVZn5PoL%2BL7Cdx%2BRqcPydIWtRINJFNs0B0RoYl0BHw9B%2Fsu%2BCMBakqs%2BXpduXqYclr06fsw8ZoVWhG4FJdMAO3j4TIwiihqGlcFEBU%2FJUTI%2FOyEvhc1h%2B2RHgwOxnq%2BQJAwmO9OXRRFiMTuc6uhIs3oHxcNYJNlPpeCssR%2FlBb2IoZlx8LL0BkbcIJbA0TBXKTih0lSh0bAjUndN6iUjaNZpI362Sv8l0vygrHquvUVExCI9wC6uag
2024-11-29,老瓦杯海报马龙C位,21.3万,https://tophub.today/l?e=1c7ckiOEtLs3hY2xwo7rdP4wVT5%2F%2BD1C4qo2tm%2F7TfjFN0lvO6Ie7jtZb0xaqPnsFauWEiyStpRiwFqOJW6AYMq%2BAQ40McdxbokX1CYeL2wj1y3S0uFIU4fGgG3kG7lwza2LL9O%2FQWsh4GalZuJKyZbLEnANWtgSwumh6XYHUd%2Fw6GiqOuuMB4xrk1i1HmEJHtc8ujsP04hFiZJWi9k2cOA0rpZ%2FNTLxBDI6shNwrvzkLEB5qVA1kCn7IllXDIHKRgQChH0WDuhtBdI9rH6IpGCDUMKzuIIxrG41fCFU1g
2024-11-29,贺峻霖一路繁花录制上班,综艺 114417,https://tophub.today/l?e=5d1aoUDm57kSHC56TQv3dlsExpaLM5AHIPzDmyFXCsFcMewMyzsQcVY%2B4onouxF2p0bUF7ekJJyWTCsKLWmJZwyc1E%2BZy4W9x0F4gP8Y0LoaI52QVREKieXtMsCK72zptpMWdpeb8Wb6vTVRqYJDihp10y6ih8HvXUQQLnYMjZ1gjMiTvy88RT6VbKe8O6rPu%2BNw484mNOJ6jbSQ5sETO4JuHAXcN9kmZlnpNCQ0OeAXi79tr0RbUuONfwhDS82774G5Adm4lMAexcJt31djaZZD%2BBPUbSaD8atAadf4XDpnsITWRJvgt3XFwJetlwIxcsyemhpQmxuNbsx5lW3GPDhnyy%2F%2F7IoDLUrw
2024-11-29,丁禹兮海岛副本今日上线,剧集 91098,https://tophub.today/l?e=e2b2aAxDp%2Fr%2FYcTSvzX5kWy9ODtCU%2BL0orLuAMgbJvKYGl9NpwXJzan2RJGk0B2OzChBVEXxFMvSKX1Q1%2FZfQHc9rFxUVKdMutHtyVS4Q34hIVz%2BEoU5HD06B0zTXv39MZXJKw8cMJDxvmRXWyjVn%2BgYYHGAynPok2aVff%2BPEr41b9ID%2FGHi%2BbeV1ZSPG0CdncW48eoxDQ1rv3dO1hEGMfxd%2BhZLVl6%2FYoUv87kR5QQdn76p%2FxNem998V68lmIakXYW7YUyehsz35SD4bPFlLsO7%2FBgLSbslp%2BzwWxbEtMMKoSDjd6zEvX42anaFP5Q1QzEdWjRfCQd3t7ajrpyz1LY9eaxqyt1iiWDh
2024-11-29,张雨霏跳新疆舞表演经典扭脖子动作,8.7万,https://tophub.today/l?e=dff9Ept4cSZBsueQXireSUyRfHleBVdMVe5CUx1iz%2BEEsO5WchUeJYpWCYWiICKe0umLvHnuVNmJQcr7mH1TQ67IKliC%2B%2FrLQ4HOt5nzZ1cnF7RVU9hxmy%2FHpFiWzFa4x1hfS%2Fq0PbVnPJPpICAapshVQdVfSdNCsacvZJO%2FScGJ%2BpgCEM5MD1jI2TZiNWKU%2BHw%2FKyDWE1Gt9WAMyR5WVJLwnQGG2lbFsPK7rzF8Q3nMZRdSARD9chB6C%2FB6xlExwbwIYLS2MepxpZq%2B3LBeMgyc8zPuTyoRvCxEd3qb74heGLL1mawLgZDe8cW6zj2hAt8W3vu%2B1abC7mhmuPa2GGTykqa8wa%2BUOu1ykPohU1sOPUTqv6S41C77qneYy8Iuzh2%2Bm9JxlNczi7LPf9V15At9TjGQi08u73Put2WXGLs%2B4kEWXBwsObhwLZ%2B7LgoujRKHavqs
2024-11-29,张杰唐嫣荧幕合作,18.5万,https://tophub.today/l?e=82bcVi6C1CDDsld33x54AhVy68o2Bc8GxDwLQUoUyLjBqbRtShh9hCeZdcoCtt2%2BQrsdhRaM%2FrJ%2Ft9IlWoQRjD5k5I0859Gz5kDxH%2Bm6xC%2FpqTrO9AGSIzyrZ4TGDfSJqLObaspzMBlgJBE8tC3yPVGKdgVViAKa4WGv5J1UH433mIQgJxnxZ9YXdbPVbyNYD1%2BU7NvSGHzM4PsOGYadJfqcejw8iVpqA8AIb67SrnzV3Zhm8pCHcqTECVGowPh07pK2bCIkIa7A93eS2F%2Bdoybn5iwEGEq1aQT%2BBzPI
2024-11-29,LWX说诺夏太菜了,20.9万,https://tophub.today/l?e=4e68bryuQsOP36f2amWWtahTWjwUW1rXvQLJNFs4PJ200RLfVqGsig%2FxSnM9ydUMk7yvPnAL4koVwlD2yQ%2FLpxm4SwRn8eKo8%2BK4Co28YCUHId48r%2F0l0qmlelk63J84MZ9HWgaDEe6rRbJXqqM%2F8GOQRoKp6ArELkrqxV6VJObxUtUOb3z9N9iYm%2FvQHl1fFAN1RNqKgrIczofBWwLCgN4ic%2B8rdrJsty5DapiG3ExQleTXilysJ%2BWDdY6GFqh0zooW
2024-11-29,这样的新疆棉花我支持,"688.9万阅读 | @热度新闻",https://tophub.today/l?e=f4eb%2FhsL9BjyLItA1mn%2Ff%2FqFNDTKc0Ey3oaInXhU3%2FY1A%2ByD72q7qZNriF4c9jcwwdd7bzt6iW5wCmDQz30ex4gyGMevKG4W8UMhcimy2gjxYMqm%2Bk0ayIH675QG3rY7i%2BmAVprqEanngr1ajxFQ41GfY1Ye5YsCZVI819Hqjp8rrb0sUjVEdJKYo7yRyQ3WG7t2tSBXLI2nN5RlCasHoDLQfB12W5NU%2BTO1boEDRg3u0UCHdj7KB11%2B045E2Y5FprOIZ8QdG7OPyyJ0eHqGL78WYfyhO6zf20W0gANmFhxYrtVn1ZIwIF9UU9z%2Bbsq1Bp37IG0fXs4Fd8Vz
2024-11-29,奔跑吧揭秘穿越千年的东巴纸,剧集 151335,https://tophub.today/l?e=874d3Ng1m4VP4ubq5WghVQa4hoIVYXAk%2Fo%2BWGyLSyjIeZz1VVE6vnczqohe9RkWuj%2FzjFL7u7e7lf7muzMNKgaunom%2BVAvfFDtJJz898XZ3GTYdqHlwz1vgnrhJnni250S6E%2FlhLYO5hStDZhfH9S%2F9pfxxfrsI5QFYnB5833YhgsxL1xLaA3x162o2Sphh81W96N%2B7xll7hZ911eb5wFAnMIJtnig8Ih2nkYzFP45Jc2Z0XXlMoJJd4ZtmcYWb5XUyEwbQvxkj6NC9hZp8TCo2XtsO2TlSJvJadYDaMhaVfm9tf8%2BR5fuE4AFTlx5Uma01I1JsnPAF3Dfi%2FP3XwU1TFhPiPsgv8EtFaL1QJgah6Dn%2BthxgJ9A78FdxMBM4eMwmMz5s0M5kQ
2024-11-29,我们内娱有自己的李准基,综艺 241310,https://tophub.today/l?e=7e29lz9XU2wku%2BnFIUdokgqGKief2LQ0FUj48nk%2FM9wqsYVD8F2dVwPh5yooosLST0aAFp7uw1IWXksk0N2YbVZ%2FwWzTHqc7rHDoBRhXKjDVHg0SgoEIxG5rBJc9b%2F8Sq9QOePWQAO9u%2BxOuUO%2BBeKXSNuy5v%2Bh74xFCvb%2F4EXNo0LdmkO4RAWshzUMtAUirmUNVUSVIvbQ6iov9kbPcULDpuw%2BHkdD6madklFGil7eX1MoPXyfI5jh%2FSeDEbz4KtTB6sKP8k2tK5A5IfllavbIrssjToWlxJGmYK1T8XkdY%2BFKC6RoRErCy8jCHAGtn8c4h6YFyn15toq8VkyDelwRI6zBXMHFhrSmu
2024-11-29,辅警因为一次好奇9年后救了一条命,42.4万,https://tophub.today/l?e=262b4EuMivx2F5G%2B%2BgPIXNNiluAFONz3TkpE7y3abDprrTYGDCRaQSzyV3qqaM4cDPTQI3BZO%2F96TSMvueBdxdBjeqQD70m3PCvTsagfMl%2FXy3%2FPgCOv0THbqlxBMHO6YMUDWaLHa7%2BFfPhk0MvuxG4Y4Z8XV%2F%2B59pvclWTlEIL9gUY13QNMdJdW3rnwtc4rFw6v96%2FGuPOwiNDRU%2F%2F5Ty8Tp5YYZuvTGflu0p3IDEGWPcSUnwCgojlCDEZMhMYA%2Fx%2BC%2Feh50j%2Bybjka1Ler5FoI3C8j0AGICZom%2FTVlhU%2Bxd6RVRqZ%2F%2ByhmPD0YLo0Q%2FMrPXq%2F3Ggy8vhsZ8PSJpKAG5%2Fk%2FiZR8SnmtIEtSQozvO0OaywQjM%2Bl%2BclP5TkYDzH6Wyuc4ykLHIZSWewZu%2B0ocJx6RX0Q5taBhVg7UXZoLCusWeVZBAw
2024-11-29,张小斐佟大为新剧 再见气人,12.6万,https://tophub.today/l?e=bc5cdxBJ2ZqaONOmJNdMdV1ATGQdeqEZMRpALIpxKsJUb%2F1zQpJNqfjTHklmJ6CDYbUzjFhnJE21WcT5sNHZS3lx3LFgHYAVhmV0bZEOPUmLvZPlHsMVtajoZjoGoNguAAO18E481FQw%2BGHwtlnp%2Bw3WAhV4L44nRvT7ouEVAReoGWq8w1OBoOM0jqas0J5agjMIkli6zr4Mypf7lfFPFokbeXm8IYnRjpABeV7MuWylhi%2BTbbzAlbCzMX8KRjtPOGvgTixexfZl3SxuXMrACtw1El%2F8Tteu7knemQmXlYmWRX%2F1A4O10mwlKk62waTzQSdcYC0mReNukJuurXcX5mAUiClfO7YCGxqWarUFRhKBGEK%2BFKkCFFl2N4bx
2024-11-29,网易辟谣网传深圳公司全部裁员,"286.1万阅读 | @澎湃新闻",https://tophub.today/l?e=9f88FlNCnNGaOUO%2FkhhY8Fv5fjOl7UPcQaaKsh9n3%2FTUHQXKaJwgI3HTNh7eEblDsoo4fELdYah2ZvceQvxyQIPKzDAd6PfDar9H%2F%2FSRNsW6auB32qYx8Q5K6BaEm2OP5RvX2OlGVdl8gps8mldaHF1fgNQNcR%2FB9KiNuF%2BJ%2FzGaNxtHlgrTj%2B8V%2FtisxR14HSiXGu%2B2sKgJGF5fLazwlrewl0%2BL1Yyjo1OIihV5HDo6rXav7GLteNlYEB%2BkYGWtmzGDgbWWb16eDu%2BjrnJKVNpB0YbMYgBOjXZZfVKLlx5cBJIkg3%2FOounjc9ZJqkS8Pq01UhHK3dJN%2BwYAXIVLdd8VjFxUR%2F0s9TxnbBMaI8KRUGWzVp%2BSJxCE1F3ulkKGNG3zXDYTNs0g36IIukS0FBeGZSxMVxq3
2024-11-29,南京晚高峰地铁隧道现野猪,"383.8万阅读 | @极目新闻",https://tophub.today/l?e=d754PPI67kSCBGeRWLSSl7Nj1xPNF12bHf0X81%2BTnX0JnqFu1LB4xCWHBt1ZYGQ3UF9PYlk%2FQN%2FUCs5eLSHpYUxY6DqRS1LCdIcJmWe%2F56CL7LPBXMB4vgytxYZTVlETDlxvd2f9aYvHwwnDDJyAewsYJgcb1Pt0W8cyX%2FMAs9ocV5Q6VQ3HsJVu57rCjsRdF0KeKBKMCt2ubhXhwjOdZF%2FjSKuFUws3ZmeNS7SDOtdbpehrlr7g7ln3eApbv3EhDKvmTgp4D75JG%2FRWb0KtCSm%2Bh8FV27QHyZncmiKYFniIG2NHDBysO0IKHA3fyjpe%2FgIqIeqMPXQ4qXz8Iv1gKxDW3DRBsqqREEmeMDy6a%2FsEh6wz5FZQlqSd
2024-11-29,南京地铁回应晚高峰地铁隧道现野猪,"423.0万阅读 | @极目新闻",https://tophub.today/l?e=df27MpufHpBRiKA2rHMHha77YvXA0bXDR88952KlmeTaNQJ5BRY6tR3BJv7BvtcZ5b%2BzPWcOq3eYuZUXZ7zB6OXATAPY3xbow9An%2FsSmYXidv6ZuCwOFfikfaT6HkRjkjjTdkFXPUjO7uLv219CIPCmGwOjn9rp0ZX57pU4GmsfhDK4%2Fkh%2B%2B%2Bk7nFdj0Kn3FeQsNoVx59ffZ1Le28wq1%2FH%2B7%2BaA4oICD%2BBqzZO5JB0fNZ3OPlyi6ltLUYkbKECUkKBsyXLQPZBzpscBDMiiV%2FBCb8896t3yKUoEHiNBLc2Lxg%2BK5nywvtmblYMjDHinEqlnf2zsj5sIwAhFI4jssU7b36yvDhVVMz24rEWQi4bBJAKrrb0dcSvrwfX7ibxfCLEfRtviTf3itZall3C26Q9n1t%2FqrZ9U6PkrQ65BH7LSjHPh%2FGZ2JI0UVsmMeffD%2FGC1zNk6r
2024-11-29,留几手和节目组摄影师吵起来了,综艺 187615,https://tophub.today/l?e=1a0e83n7UGJiDTAv9vKzIqB5R%2FoRspLNA3dsUdU%2BHHhTNiy6Uyebemm7oxo4YIP8zE1R1HsZS8fhd%2BdLKhn0cuotbsvqyRn4ANqWHDFriFOqPKmjNyeNyLAcJkTGdA18x0dr9cGZtmhisC4QEEJZBmX3E4L8OWb33pJWyEwonliBkFVieC2As7e1XPbC0cxc515JQBUO77tHiOlIIi%2Fpqo2EpLjNmDBqoLDvhvQGJ5BmvEwQTnsUNZ0II6sYY57Xe7F1oeuHnzG9r5SRdYevyXu2UrWJaaG2FM%2F4BvvR966GnQHgjZmVfph7kdpr%2FwnummJIP1ArIzhWV7LHJ%2BSM%2FLSgA3QCaAyOgfGs3HGKWJDVZH1xDWiBb2EUUTE9ueYd0yD7kuwrB3ON9SgqVW705XP3oBHyOqVK
2024-11-29,老人吃腌萝卜后中毒整个人紫了,18.9万,https://tophub.today/l?e=d524deRdmRitWA%2BUMPm%2B1Og2BQMPM9MK3ZzymoEVm74DB2JAfYrkeinTWcOQRuvv%2BkTOWlFx9a4bf2LkUmrhtSYVuhJJaKvQsorWlP%2B7%2B7LpCQtD%2BD9BPt%2FsyWCBBP5GFMyH%2BEObyh0T6AFz4fHje5Y40RQIT0sstsLXEHK0hwJyJIgQgRBAt3NGZxMrS16pKVbufVV6o1iGNsuGkFto6ApWd%2FbSSXZxas8IfLFpZ2dkPU8l7UtGkpdIE4QV%2FMi%2FP050MRDhPwvA7GS228Y8wXjufj4HxHTsqG8JXYPWR%2Bqa3oabWsqGNGqKYs6p6t7LQHXAt02%2Bb36ikl2X3GWIPLX4rYrInufnFc5766Rqiwr3CDTM2M7XCKtzX0y53chBNsvzT2YbEybDVqoDL%2FxB6FqAVAYNNNd5
2024-11-29,丁禹兮 我真的没有在晚上背梗,12.2万,https://tophub.today/l?e=561duN%2Bbo%2FfZkTM4c1DJK3T7uglGUiCbDfGxV6NScKROLVQA9ZhiBdcSzlRGZ0THvdQY%2BVpkwH8NZg3ACc9ZjBlXQXv%2B0VotDR251VfkMYrq7sS5NOuCClVROB4YYytSxoYaqrj5f0EL23TimHdjmfzEwtHUdFdJmsMzAcPrch3AdRfArwIovaUaWQXKqLzWpOqtE7ZxrWhspG%2B9GREsYFSEOJvvCj32fToNTVPYlpbt9OeAiy4kBjb1sXmZ5rvhEgNATWBapC4lRdNUswut4vKIZIn4qgGN3eURdAsckz5xJZ51Xl%2BFE%2F5sK6VVoFIVgP6Ovy2w74wwWMaRAQZvbgd0Ql%2FF8ftlztqlVlFTyszA%2ByA4jVhy5h4jM9P6%2BPWj1i7OMG7CjYeRrmeh
2024-11-29,破地狱定档,电影 108850,https://tophub.today/l?e=fdddUe1EZlkYo1eEpjO3%2FZmDRWsZRV5oFEK19auc49finWeKDCP5VTAEwc5a5lWGSjLTIGZfNFJhMppfNKTvDy9TQyOWY8mTxgv1DgvUnp1J0kysMofiJjrUs0wgUs1IwVnB6KGUiO%2BvHbjyM5ZS2290GcCl%2Fm1zRNGuteaDPM7%2Bu2m%2FLyGFAORPo%2BftOkpHISz4kouSdX019xxeAOmfTYIg71JIPIyoR2n6XYTSsbeW
2024-11-29,Ning王队战胜Icon队,17.1万,https://tophub.today/l?e=94caXwV25x8RiKWifk2Vr4Ph52NaOEI6wfurazPEUwzlpL%2FegcftG%2B%2FGe0OA925oL%2BZmZflEK3Z82Qtl1oNZGrCR4sOLOU4PpFKOKlcDqYdXtwKRW%2FLTYEZmjlpY1n6%2FSdmbUS5uiVMj%2B7iEE9IDsQe8LQZCxqifp%2BLCKb3Ssuqfz5sfXe8dfsUS57YPdym3aJqowRR7NA23UrduBERrgRVpCMBFE3mwF8gv0%2BQOCwdcnOqnuwaxiZw
2024-11-29,幻视奥运冠军幼儿园午睡时候,16.6万,https://tophub.today/l?e=3ebcj3k%2FPtp4JTqKkIYaLxrnI1OfYsBhTN%2B2hAmOSR8gqAWvlE8vxMWVhlkHrQeTP2RKmn57ng%2BKyfsOpxBMP72gzprRFhhW0v0JCsowirbg8NDXOY0lO1zfDv6RaJGfozHeYpdCbrVa1Dkn%2F8c2pEo3ulN5vVTMS3pBuD1ii5d6YPCHLszGFcXo6kb%2Fkztx2FpspC1KOUclSv3ImAoo4iuQFnAQW4WPSRDZSjTaWoZRfdyHhcgEssOS2SxVUaCa%2BHyoaenodgXUYMZXuMYD1MuwmOl02jc4OkdhTLXegXMP8wsn01hbfZGXwbZNaqTvt9%2FSJWehHLLKLM9nTlxA%2BArNuOZOtGXmyzY8DIHEB6tSouRa79fi9Rf4iDuoNTFb687rJyjqvXOg
2024-11-29,声生不息全员合唱好歌献给你,综艺 124385,https://tophub.today/l?e=d1e8dxHU1XUfYnqvRn4d3RbuShSM5oAIoxgWBVNefhn2r3lReoRBy6U51ZBuNxUM54ZkCa7FrR3jQUCXTaWZlPdZQIY1KX1ZIy%2FnB6sT13zhFiKR4Dt0mDq8pBuaRLM4ZR51lrHzdJCd1bm9PCgokOAyLJ%2FvOLoCcltPPfmVak53owTQbio8FP0pCppOxVl4excVi1%2BHYuDIQLzp2t0V77Jx8fJXj1fiPh3LEz1qKILTE8e8myE2CCIRtzbg8Mrd8OV3A4PZrF5vFU2V%2BZQv3BtRk4wted6C6fZmMtZZxvI6q3oeiNJBv4etcOyHZOL2ytyiQZ03Up1bF2N0zlbhfB%2Bz1sS7A6Pi5U8TtPgTPZyerzZ0Caaqx2gd3KwNkT5EECIV4Esb3Rl7
2024-11-29,胖东来调改永辉超市25天改了啥,25.0万,https://tophub.today/l?e=2a05w2Lvs4zdO8rt7ymhZLpWNt%2Bz1Q9AUXgaAgmbybhrKMMzUHHGpz5LDqUbiOwR7OYgSuSFCxGbFGdvdtwegMWZF9q1MsFxw3uwHoISiJCC8nhBlr39%2F1cwbhEgCKpX6fZnBC2iVFooDHrW1MwmY16ADosqea32XcwTDfymYFyAx9TlCq4QLUSOFWvJ%2BSBAxGRzqPcouVZn788VRQdDCpbFxBEQQC8Z416g3A%2BO3b6KTZ2cz4IukBwEmPY3YOILYs7RRKbJPV6VjltW0J2sRAsJFtxYFh6vUjHMNJFlSCNU2GN7lli4j3Nd9edGiC2vnsPzNBskJ4PyPbg4Pd7F7CPXYzxELE5anjevOmyo3GRNq59R%2Fcq2PH7nYuQUn2MCbHbSBVLIjExVlrg